sample_id,family,full_total,base_total,full_skipped,base_skipped,full_l1_total,base_l1_total,full_l1_success,base_l1_success,full_l1_brr_ref,base_l1_brr_ref,full_hv_ok,base_hv_ok,full_hv_total,base_hv_total,full_hvr,base_hvr,full_rm_ok,base_rm_ok,full_rm_total,base_rm_total,full_rmr,base_rmr,full_file_hv_ok,base_file_hv_ok,full_file_hv_total,base_file_hv_total,full_file_hvr,base_file_hvr,full_file_rm_ok,base_file_rm_ok,full_file_rm_total,base_file_rm_total,full_file_rmr,base_file_rmr,full_registry_hv_ok,base_registry_hv_ok,full_registry_hv_total,base_registry_hv_total,full_registry_hvr,base_registry_hvr,full_registry_rm_ok,base_registry_rm_ok,full_registry_rm_total,base_registry_rm_total,full_registry_rmr,base_registry_rmr,full_network_winsock_hv_ok,base_network_winsock_hv_ok,full_network_winsock_hv_total,base_network_winsock_hv_total,full_network_winsock_hvr,base_network_winsock_hvr,full_network_winsock_rm_ok,base_network_winsock_rm_ok,full_network_winsock_rm_total,base_network_winsock_rm_total,full_network_winsock_rmr,base_network_winsock_rmr,full_process_hv_ok,base_process_hv_ok,full_process_hv_total,base_process_hv_total,full_process_hvr,base_process_hvr,full_process_rm_ok,base_process_rm_ok,full_process_rm_total,base_process_rm_total,full_process_rmr,base_process_rmr,full_dll_hv_ok,base_dll_hv_ok,full_dll_hv_total,base_dll_hv_total,full_dll_hvr,base_dll_hvr,full_dll_rm_ok,base_dll_rm_ok,full_dll_rm_total,base_dll_rm_total,full_dll_rmr,base_dll_rmr
074dfa8168d74a7af03ded4012ec5fb0d12a03280903bd5c7fde7f842172670e,amadey,838,838,8,42,406,376,249,376,61.33,100.0,1,1,1,1,100.0,100.0,185,0,405,375,45.68,0.0,0,0,0,0,,,38,0,50,50,76.0,0.0,0,0,0,0,,,34,0,221,221,15.38,0.0,0,0,0,0,,,0,0,0,0,,,0,0,0,0,,,96,0,99,99,96.97,0.0,1,1,1,1,100.0,100.0,12,0,30,0,40.0,
18fd6b193be1d5416a3188f5d9e4047cca719fa067d7d0169cf2df5c7fed54c0,amadey,7475,7475,29,116,2248,2179,1902,2179,84.61,100.0,7,7,7,7,100.0,100.0,1812,6,2241,2172,80.86,0.28,0,0,0,0,,,610,0,656,656,92.99,0.0,0,0,0,0,,,103,0,417,417,24.7,0.0,0,0,0,0,,,0,0,0,0,,,0,0,0,0,,,1072,6,1084,1084,98.89,0.55,7,7,7,7,100.0,100.0,12,0,69,0,17.39,
1984500308101a791019acb978621a31530f8564f4afcfbe43fa22cb68dfd117,amadey,4575,4575,16,162,2311,2193,1682,2193,72.78,100.0,6,1,7,5,85.71,20.0,1527,0,2304,2188,66.28,0.0,2,0,3,1,66.67,0.0,62,0,79,79,78.48,0.0,0,0,0,0,,,832,0,1473,1473,56.48,0.0,0,0,0,0,,,0,0,0,0,,,3,0,3,3,100.0,0.0,562,0,608,608,92.43,0.0,1,1,1,1,100.0,100.0,46,0,116,0,39.66,
30c8c226fbe1ec0bda70541cd36c632e937182e0a55b639c4f26d2340868f481,amadey,6381,6381,11,115,2349,2269,1437,2269,61.17,100.0,1,1,3,1,33.33,100.0,1260,9,2346,2268,53.71,0.4,0,0,2,0,0.0,,130,0,148,148,87.84,0.0,0,0,0,0,,,505,0,1513,1513,33.38,0.0,0,0,0,0,,,0,0,0,0,,,0,0,0,0,,,555,9,569,568,97.54,1.58,1,1,1,1,100.0,100.0,35,0,77,0,45.45,
44ab913e6708ebdb117d4d0608fd14c7a3b5280db5425b0f4e4d3bdad8654f55,amadey,222,222,7,22,100,86,76,86,76.0,100.0,1,1,1,1,100.0,100.0,77,0,99,85,77.78,0.0,0,0,0,0,,,40,0,45,45,88.89,0.0,0,0,0,0,,,14,0,19,19,73.68,0.0,0,0,0,0,,,0,0,0,0,,,0,0,0,0,,,15,0,17,17,88.24,0.0,1,1,1,1,100.0,100.0,4,0,14,0,28.57,
4e4eed16b3a6b4c9f1168745b8268765a9b7a0b5c557cc7e2975c24940eed32d,amadey,233,233,8,23,110,96,86,96,78.18,100.0,1,1,1,1,100.0,100.0,87,0,109,95,79.82,0.0,0,0,0,0,,,49,0,54,54,90.74,0.0,0,0,0,0,,,14,0,19,19,73.68,0.0,0,0,0,0,,,0,0,0,0,,,0,0,0,0,,,16,0,18,18,88.89,0.0,1,1,1,1,100.0,100.0,4,0,14,0,28.57,
6932aa2b259a43e44dd5ba561ff61db50480ae95aa6fbab7d875e411fd74befc,amadey,10615,10615,91,378,6582,6312,4401,6312,66.86,100.0,10,7,10,10,100.0,70.0,4274,142,6572,6302,65.03,2.25,0,0,0,0,,,617,0,693,693,89.03,0.0,0,0,0,0,,,1465,0,3124,3124,46.9,0.0,0,0,0,0,,,0,0,0,0,,,3,0,3,3,100.0,0.0,2042,142,2403,2403,84.98,5.91,7,7,7,7,100.0,100.0,95,0,273,3,34.8,0.0
6db69d1dbd4dbe1108a05955d03052864c7acf3165d0ddbfad7e4156c37a0bd8,amadey,235,235,8,23,112,98,89,98,79.46,100.0,1,1,1,1,100.0,100.0,90,0,111,97,81.08,0.0,0,0,0,0,,,51,0,56,56,91.07,0.0,0,0,0,0,,,15,0,19,19,78.95,0.0,0,0,0,0,,,0,0,0,0,,,0,0,0,0,,,16,0,18,18,88.89,0.0,1,1,1,1,100.0,100.0,4,0,14,0,28.57,
7095952df050e7b9744fd672e0a3bd68fb3f4327a856972603e545de2649a494,amadey,2151,2151,8,76,1142,1088,799,1088,69.96,100.0,3,1,4,2,75.0,50.0,733,0,1138,1086,64.41,0.0,2,0,3,1,66.67,0.0,48,0,60,60,80.0,0.0,0,0,0,0,,,326,0,672,672,48.51,0.0,0,0,0,0,,,0,0,0,0,,,0,0,0,0,,,321,0,333,333,96.4,0.0,1,1,1,1,100.0,100.0,20,0,52,0,38.46,
767b03b1909c858a948371ed7791ff0c0629e5e4c7d60f97900b1fc27485103a,amadey,388,388,3,55,48,110,31,110,64.58,100.0,0,0,0,0,,,32,0,48,110,66.67,0.0,0,0,0,0,,,3,0,6,16,50.0,0.0,0,0,0,0,,,6,0,7,18,85.71,0.0,0,0,0,0,,,0,0,0,0,,,0,0,0,0,,,17,0,20,73,85.0,0.0,0,0,0,0,,,6,0,15,0,40.0,
7732b3137a721cb543261e9c4ecb5c90b51aa6d810c2df0104df6b11e319dbd8,amadey,236,236,8,23,113,99,89,99,78.76,100.0,1,1,1,1,100.0,100.0,90,0,112,98,80.36,0.0,0,0,0,0,,,52,0,57,57,91.23,0.0,0,0,0,0,,,14,0,19,19,73.68,0.0,0,0,0,0,,,0,0,0,0,,,0,0,0,0,,,16,0,18,18,88.89,0.0,1,1,1,1,100.0,100.0,4,0,14,0,28.57,
973c875729ccab5d3b082d708b110a460dba4a519e065e5e2292bdf399bb251a,amadey,221,221,8,23,98,84,74,84,75.51,100.0,1,1,1,1,100.0,100.0,75,0,97,83,77.32,0.0,0,0,0,0,,,37,0,42,42,88.1,0.0,0,0,0,0,,,14,0,19,19,73.68,0.0,0,0,0,0,,,0,0,0,0,,,0,0,0,0,,,16,0,18,18,88.89,0.0,1,1,1,1,100.0,100.0,4,0,14,0,28.57,
af3abce52d153228bfc6b631d43f74c0c0446e04f68163b85811ddd49ad349eb,amadey,1268,1268,9,47,568,540,422,540,74.3,100.0,1,1,1,1,100.0,100.0,376,0,567,539,66.31,0.0,0,0,0,0,,,44,0,55,55,80.0,0.0,0,0,0,0,,,90,0,248,248,36.29,0.0,0,0,0,0,,,0,0,0,0,,,0,0,0,0,,,220,0,225,225,97.78,0.0,1,1,1,1,100.0,100.0,11,0,28,0,39.29,
babe2bac544203762a76125e6b592106f506b056d4d23f1b565156419c12e0ec,amadey,48680,48680,124,1724,23433,22105,19282,22105,82.29,100.0,128,1,130,113,98.46,0.88,16619,21,23303,21992,71.32,0.1,25,0,27,10,92.59,0.0,745,0,901,901,82.69,0.0,0,0,0,0,,,6033,0,11292,11292,53.43,0.0,0,0,0,0,,,0,0,0,0,,,102,0,102,102,100.0,0.0,8966,13,9222,9221,97.22,0.14,1,1,1,1,100.0,100.0,497,0,1310,0,37.94,
c2dde09d415c9a9cee697b38102054fcf775c3e2880ba4593929311da994dd11,amadey,49321,49321,77,1588,24232,22956,19121,22956,78.91,100.0,97,1,97,79,100.0,1.27,16670,20,24135,22877,69.07,0.09,34,0,34,16,100.0,0.0,781,0,862,862,90.6,0.0,0,0,0,0,,,6909,0,13084,13084,52.8,0.0,0,0,0,0,,,0,0,0,0,,,62,0,62,62,100.0,0.0,8222,12,8495,8494,96.79,0.14,1,1,1,1,100.0,100.0,439,0,1257,0,34.92,
c82d2fce74ea779ecf9d29ba5e371111917a7724b72a321406755a97434b6b9b,amadey,23164,23164,34,846,13569,12970,10809,12970,79.66,100.0,44,1,44,28,100.0,3.57,9872,11,13525,12942,72.99,0.08,24,0,24,8,100.0,0.0,253,0,371,371,68.19,0.0,0,0,0,0,,,2782,0,5682,5682,48.96,0.0,0,0,0,0,,,0,0,0,0,,,19,0,19,19,100.0,0.0,6415,11,6626,6626,96.82,0.17,1,1,1,1,100.0,100.0,234,0,583,0,40.14,
e108ff127816c7473b4288f40bd13567a985e223950fa93d9ab0d43aeb8ec658,amadey,17289,17289,93,562,7540,7144,6260,7144,83.02,100.0,52,1,56,48,92.86,2.08,5632,178,7484,7096,75.25,2.51,8,0,12,4,66.67,0.0,777,0,919,919,84.55,0.0,0,0,0,0,,,1248,0,2304,2304,54.17,0.0,0,0,0,0,,,0,0,0,0,,,43,0,43,43,100.0,0.0,3373,131,3709,3708,90.94,3.53,1,1,1,1,100.0,100.0,138,0,387,0,35.66,
ec137c56ce1fbf300d20e4da977f3df9d82ab43a1479afec5ab0ec5997823ad6,amadey,42730,42730,52,1491,20561,19303,17230,19303,83.8,100.0,98,1,98,56,100.0,1.79,14765,24,20463,19247,72.15,0.12,64,0,64,22,100.0,0.0,604,0,714,714,84.59,0.0,0,0,0,0,,,5752,0,10318,10318,55.75,0.0,0,0,0,0,,,0,0,0,0,,,33,0,33,33,100.0,0.0,7708,16,7903,7902,97.53,0.2,1,1,1,1,100.0,100.0,521,0,1215,0,42.88,
ee4c5daa2e1992d339be9e9a69726641952127dfc0c4a74b695e720fd8f2c548,amadey,3349,3349,9,181,1661,1500,1182,1500,71.16,100.0,1,1,1,1,100.0,100.0,1012,0,1660,1499,60.96,0.0,0,0,0,0,,,45,0,54,54,83.33,0.0,0,0,0,0,,,593,0,1135,1135,52.25,0.0,0,0,0,0,,,0,0,0,0,,,0,0,0,0,,,288,0,297,297,96.97,0.0,1,1,1,1,100.0,100.0,75,0,161,0,46.58,
faa2daf2db5f5ba0927b64b5313347194e3ba0cf6dbb25ec408f4f5ab3a2d481,amadey,29773,29773,105,2054,17874,16626,15030,16626,84.09,100.0,169,1,210,125,80.48,0.8,13161,6,17664,16501,74.51,0.04,85,0,126,41,67.46,0.0,522,0,688,688,75.87,0.0,0,0,0,0,,,3778,0,6512,6512,58.02,0.0,0,0,0,0,,,0,0,0,0,,,83,0,83,83,100.0,0.0,7793,6,8081,8081,96.44,0.07,1,1,1,1,100.0,100.0,399,0,1163,0,34.31,
0e0534344356c1ae249483171aece8eeb7777ca2c323e6b220701550a9731114,berbew,221,221,4,21,46,33,27,33,58.7,100.0,0,0,0,0,,,27,0,46,33,58.7,0.0,0,0,0,0,,,7,0,13,13,53.85,0.0,0,0,0,0,,,13,0,13,13,100.0,0.0,0,0,0,0,,,0,0,0,0,,,0,0,0,0,,,4,0,4,4,100.0,0.0,0,0,0,0,,,2,0,14,1,14.29,0.0
0e3b2cd19e68c440e1a9d6251f85331e174491e5b1f22d46c5e7bf9aa9a9901a,berbew,221,221,4,21,46,33,27,33,58.7,100.0,0,0,0,0,,,27,0,46,33,58.7,0.0,0,0,0,0,,,7,0,13,13,53.85,0.0,0,0,0,0,,,13,0,13,13,100.0,0.0,0,0,0,0,,,0,0,0,0,,,0,0,0,0,,,4,0,4,4,100.0,0.0,0,0,0,0,,,2,0,14,1,14.29,0.0
1771e9da2d4ca305d494ed19eee91d7c996eacf77804081fc495a554c27295c6,berbew,225,225,4,21,50,37,30,37,60.0,100.0,0,0,0,0,,,30,0,50,37,60.0,0.0,0,0,0,0,,,7,0,13,13,53.85,0.0,0,0,0,0,,,13,0,14,14,92.86,0.0,0,0,0,0,,,0,0,0,0,,,0,0,0,0,,,5,0,5,5,100.0,0.0,0,0,0,0,,,2,0,14,1,14.29,0.0
1db05a6f525d57e95a6febe10c1afb560afde09e092b42a42d67dec8dac3cdbe,berbew,221,221,4,21,46,33,27,33,58.7,100.0,0,0,0,0,,,27,0,46,33,58.7,0.0,0,0,0,0,,,7,0,13,13,53.85,0.0,0,0,0,0,,,13,0,13,13,100.0,0.0,0,0,0,0,,,0,0,0,0,,,0,0,0,0,,,4,0,4,4,100.0,0.0,0,0,0,0,,,2,0,14,1,14.29,0.0
253cebb95c3fc102c9d2eb518bbae39c2226ea9a738778d292e9f590e4f2da29,berbew,221,221,4,21,46,33,27,33,58.7,100.0,0,0,0,0,,,27,0,46,33,58.7,0.0,0,0,0,0,,,7,0,13,13,53.85,0.0,0,0,0,0,,,13,0,13,13,100.0,0.0,0,0,0,0,,,0,0,0,0,,,0,0,0,0,,,4,0,4,4,100.0,0.0,0,0,0,0,,,2,0,14,1,14.29,0.0
501c8445e6c94bf1f08225117a788729db2c5c589a226759c38fc85bab739d5e,berbew,222,222,4,21,47,34,28,34,59.57,100.0,0,0,0,0,,,28,0,47,34,59.57,0.0,0,0,0,0,,,7,0,13,13,53.85,0.0,0,0,0,0,,,13,0,13,13,100.0,0.0,0,0,0,0,,,0,0,0,0,,,0,0,0,0,,,5,0,5,5,100.0,0.0,0,0,0,0,,,2,0,14,1,14.29,0.0
5c5c7c240e27d57c27ebdc59a52921ea4fa2d04e7cf50ace559497a3322d4995,berbew,223,223,4,21,48,35,29,35,60.42,100.0,0,0,0,0,,,29,0,48,35,60.42,0.0,0,0,0,0,,,7,0,13,13,53.85,0.0,0,0,0,0,,,13,0,13,13,100.0,0.0,0,0,0,0,,,0,0,0,0,,,0,0,0,0,,,6,0,6,6,100.0,0.0,0,0,0,0,,,2,0,14,1,14.29,0.0
61f786db1048e1308e88849c3d35c969b05b30c067a76844f7b6da1f3143c373,berbew,225,225,4,21,50,37,30,37,60.0,100.0,0,0,0,0,,,30,0,50,37,60.0,0.0,0,0,0,0,,,7,0,13,13,53.85,0.0,0,0,0,0,,,13,0,14,14,92.86,0.0,0,0,0,0,,,0,0,0,0,,,0,0,0,0,,,7,0,7,7,100.0,0.0,0,0,0,0,,,2,0,14,1,14.29,0.0
75f5d526210688ec3b5bdfd14ff472998de28aaa6e5986e9aa2cadfff421f0cc,berbew,223,223,4,21,48,35,31,35,64.58,100.0,0,0,0,0,,,31,0,48,35,64.58,0.0,0,0,0,0,,,9,0,13,13,69.23,0.0,0,0,0,0,,,13,0,13,13,100.0,0.0,0,0,0,0,,,0,0,0,0,,,0,0,0,0,,,6,0,6,6,100.0,0.0,0,0,0,0,,,2,0,14,1,14.29,0.0
7b94abe0081c00861191367444711223f44aa49697a4ab60c51e9fad3b2d7e8e,berbew,223,223,4,22,47,34,28,34,59.57,100.0,0,0,0,0,,,28,0,47,34,59.57,0.0,0,0,0,0,,,7,0,13,13,53.85,0.0,0,0,0,0,,,13,0,13,13,100.0,0.0,0,0,0,0,,,0,0,0,0,,,0,0,0,0,,,5,0,5,5,100.0,0.0,0,0,0,0,,,2,0,14,1,14.29,0.0
7eb7dce331e5739a87a4b6676c4d9d9f909350856c0b96a7e7d79ec3a63bb19c,berbew,221,221,4,21,46,33,27,33,58.7,100.0,0,0,0,0,,,27,0,46,33,58.7,0.0,0,0,0,0,,,7,0,13,13,53.85,0.0,0,0,0,0,,,13,0,13,13,100.0,0.0,0,0,0,0,,,0,0,0,0,,,0,0,0,0,,,4,0,4,4,100.0,0.0,0,0,0,0,,,2,0,14,1,14.29,0.0
96a04244c0dc4d51570d30dca5735a483e452490bdef1537909eaecfd9df8bad,berbew,226,226,4,21,51,38,31,38,60.78,100.0,0,0,0,0,,,31,0,51,38,60.78,0.0,0,0,0,0,,,7,0,13,13,53.85,0.0,0,0,0,0,,,13,0,14,14,92.86,0.0,0,0,0,0,,,0,0,0,0,,,0,0,0,0,,,8,0,8,8,100.0,0.0,0,0,0,0,,,2,0,14,1,14.29,0.0
9e22f70a594fd99e327c16d143c71b9788a28175c0d2fae5ce9ddba535d6e9b9,berbew,224,224,4,21,49,36,31,36,63.27,100.0,0,0,0,0,,,31,0,49,36,63.27,0.0,0,0,0,0,,,9,0,13,13,69.23,0.0,0,0,0,0,,,13,0,14,14,92.86,0.0,0,0,0,0,,,0,0,0,0,,,0,0,0,0,,,6,0,6,6,100.0,0.0,0,0,0,0,,,2,0,14,1,14.29,0.0
a845654b1ea084e5844789b964f145e0ef9c0e7cf24cd831691b03bb1666261a,berbew,225,225,4,21,50,37,30,37,60.0,100.0,0,0,0,0,,,30,0,50,37,60.0,0.0,0,0,0,0,,,7,0,13,13,53.85,0.0,0,0,0,0,,,13,0,14,14,92.86,0.0,0,0,0,0,,,0,0,0,0,,,0,0,0,0,,,7,0,7,7,100.0,0.0,0,0,0,0,,,2,0,14,1,14.29,0.0
ac24f8ec2c88437a288f000db635cd612f18a0972c5415958f1c1fbb80018c8e,berbew,222,222,4,21,48,35,29,35,60.42,100.0,0,0,0,0,,,29,0,48,35,60.42,0.0,0,0,0,0,,,7,0,13,13,53.85,0.0,0,0,0,0,,,13,0,13,13,100.0,0.0,0,0,0,0,,,0,0,0,0,,,0,0,0,0,,,5,0,5,5,100.0,0.0,0,0,0,0,,,2,0,14,1,14.29,0.0
ac66fb6b4319ec1033c63ffb6e27676f939ac615ba29b094949f5df8a492f4be,berbew,226,226,4,21,51,38,31,38,60.78,100.0,0,0,0,0,,,31,0,51,38,60.78,0.0,0,0,0,0,,,7,0,13,13,53.85,0.0,0,0,0,0,,,13,0,14,14,92.86,0.0,0,0,0,0,,,0,0,0,0,,,0,0,0,0,,,8,0,8,8,100.0,0.0,0,0,0,0,,,2,0,14,1,14.29,0.0
b0905ce30d775ea36e56600a5dfede32727716f7f60f0e30d1e41d23d2c50413,berbew,231,231,4,25,55,38,31,38,56.36,100.0,0,0,0,0,,,31,0,55,38,56.36,0.0,0,0,0,0,,,7,0,13,13,53.85,0.0,0,0,0,0,,,13,0,14,14,92.86,0.0,0,0,0,0,,,0,0,0,0,,,0,0,0,0,,,8,0,8,8,100.0,0.0,0,0,0,0,,,2,0,18,1,11.11,0.0
d2e5f2005e827ea3f7a20fff918f4ee49f3a4fa750b8c8e44970d4be93f3c1b9,berbew,225,225,4,21,50,37,30,37,60.0,100.0,0,0,0,0,,,30,0,50,37,60.0,0.0,0,0,0,0,,,7,0,13,13,53.85,0.0,0,0,0,0,,,13,0,14,14,92.86,0.0,0,0,0,0,,,0,0,0,0,,,0,0,0,0,,,7,0,7,7,100.0,0.0,0,0,0,0,,,2,0,14,1,14.29,0.0
d543feebe566d610090e949d9be2c2a0a976713c5f1a3baf8ebce3424cc0e7eb,berbew,224,224,4,21,49,36,29,36,59.18,100.0,0,0,0,0,,,29,0,49,36,59.18,0.0,0,0,0,0,,,7,0,13,13,53.85,0.0,0,0,0,0,,,13,0,14,14,92.86,0.0,0,0,0,0,,,0,0,0,0,,,0,0,0,0,,,6,0,6,6,100.0,0.0,0,0,0,0,,,2,0,14,1,14.29,0.0
d839fa66310d468d1aa039a5f526461b3269b2933af5d8e347713b88b65d2eab,berbew,224,224,4,21,49,36,29,36,59.18,100.0,0,0,0,0,,,29,0,49,36,59.18,0.0,0,0,0,0,,,7,0,13,13,53.85,0.0,0,0,0,0,,,13,0,14,14,92.86,0.0,0,0,0,0,,,0,0,0,0,,,0,0,0,0,,,6,0,6,6,100.0,0.0,0,0,0,0,,,2,0,14,1,14.29,0.0
00572c76c29eb5c5bb329f1793ee806d2418a48013ed111f3e129df6514b4768,dacic,1215,1215,33,238,758,586,463,586,61.08,100.0,14,0,14,14,100.0,0.0,495,0,742,572,66.71,0.0,0,0,0,0,,,144,0,216,218,66.67,0.0,0,0,0,0,,,49,0,76,76,64.47,0.0,0,0,0,0,,,0,0,0,0,,,13,0,13,13,100.0,0.0,225,0,251,251,89.64,0.0,0,0,0,0,,,63,0,176,4,35.8,0.0
09c8dc4d5e6b4db57ad2b51e06371b4602a2c111ad246d306597e62626774d9b,dacic,1237,1237,32,237,755,583,446,583,59.07,100.0,14,0,14,14,100.0,0.0,478,0,740,569,64.59,0.0,0,0,0,0,,,134,0,215,216,62.33,0.0,0,0,0,0,,,49,0,76,76,64.47,0.0,0,0,0,0,,,0,0,0,0,,,13,0,13,13,100.0,0.0,219,0,245,245,89.39,0.0,0,0,0,0,,,63,0,176,4,35.8,0.0
0a78372be2b5ab85e1d96724f0efdb2bd32068f706cbfc24e9686e3e5eb153d7,dacic,1091,1091,35,203,672,532,378,532,56.25,100.0,14,0,14,14,100.0,0.0,407,0,656,518,62.04,0.0,0,0,0,0,,,115,0,227,229,50.66,0.0,0,0,0,0,,,42,0,67,67,62.69,0.0,0,0,0,0,,,0,0,0,0,,,13,0,13,13,100.0,0.0,181,0,207,207,87.44,0.0,0,0,0,0,,,61,0,144,4,42.36,0.0
0b8b5b72d071272dbb0dcdbcc700cb18d2329bb068235f62966f091cfca9cf5e,dacic,998,998,32,196,627,487,343,487,54.7,100.0,14,0,14,14,100.0,0.0,376,0,612,473,61.44,0.0,0,0,0,0,,,97,0,196,197,49.49,0.0,0,0,0,0,,,42,0,67,67,62.69,0.0,0,0,0,0,,,0,0,0,0,,,13,0,13,13,100.0,0.0,168,0,194,194,86.6,0.0,0,0,0,0,,,61,0,144,4,42.36,0.0
0b9e0e83acee7ab498b242a8dce58735b02700ab373be071703a45c6316ee373,dacic,1011,1011,33,197,637,497,375,497,58.87,100.0,14,0,14,14,100.0,0.0,408,0,621,483,65.7,0.0,0,0,0,0,,,121,0,197,199,61.42,0.0,0,0,0,0,,,42,0,67,67,62.69,0.0,0,0,0,0,,,0,0,0,0,,,13,0,13,13,100.0,0.0,176,0,202,202,87.13,0.0,0,0,0,0,,,61,0,144,4,42.36,0.0
0bce4456cd90916a93216ae49792af6fc2f0600ee1d80575b5c173c78c44efef,dacic,1177,1177,35,236,736,565,424,565,57.61,100.0,14,0,14,14,100.0,0.0,456,0,718,551,63.51,0.0,0,0,0,0,,,110,0,199,203,55.28,0.0,0,0,0,0,,,49,0,76,76,64.47,0.0,0,0,0,0,,,0,0,0,0,,,13,0,13,13,100.0,0.0,220,0,246,246,89.43,0.0,0,0,0,0,,,63,0,175,4,36.0,0.0
0c3fce62334aedd09a19b36f3b63a4cca505771f8aec9d8cadfc7c03951c379f,dacic,999,999,35,199,629,489,381,489,60.57,100.0,14,0,14,14,100.0,0.0,414,0,614,475,67.43,0.0,0,0,0,0,,,133,0,196,197,67.86,0.0,0,0,0,0,,,42,0,67,67,62.69,0.0,0,0,0,0,,,0,0,0,0,,,13,0,13,13,100.0,0.0,170,0,196,196,86.73,0.0,0,0,0,0,,,61,0,144,4,42.36,0.0
0d945616110f54065b95a62dbac52fb40fff8ee26551823bd13bb7b0ea92d1a6,dacic,1036,1036,39,204,645,505,361,505,55.97,100.0,14,0,14,14,100.0,0.0,392,0,629,491,62.32,0.0,0,0,0,0,,,112,0,212,214,52.83,0.0,0,0,0,0,,,42,0,67,67,62.69,0.0,0,0,0,0,,,0,0,0,0,,,13,0,13,13,100.0,0.0,169,0,195,195,86.67,0.0,0,0,0,0,,,61,0,144,4,42.36,0.0
0e00e8157db7cc8931cf06576c7f3b8b6996d6354db317700743afdf2f8614f2,dacic,1209,1209,39,243,755,583,474,583,62.78,100.0,14,0,14,14,100.0,0.0,506,0,736,569,68.75,0.0,0,0,0,0,,,158,0,213,218,74.18,0.0,0,0,0,0,,,49,0,76,76,64.47,0.0,0,0,0,0,,,0,0,0,0,,,13,0,13,13,100.0,0.0,223,0,249,249,89.56,0.0,0,0,0,0,,,63,0,176,4,35.8,0.0
11e57bae7aec9f5a36591bec5dc807a40a894f87440374a8fbe932aa89e76672,dacic,1215,1215,37,241,752,580,464,580,61.7,100.0,14,0,14,14,100.0,0.0,496,0,735,566,67.48,0.0,0,0,0,0,,,148,0,213,216,69.48,0.0,0,0,0,0,,,49,0,76,76,64.47,0.0,0,0,0,0,,,0,0,0,0,,,13,0,13,13,100.0,0.0,222,0,247,247,89.88,0.0,0,0,0,0,,,63,0,176,4,35.8,0.0
17d776972be1a94d16d6077b9c6e6510a3c79b864406646eddce9024b401734a,dacic,1048,1048,39,204,653,513,386,513,59.11,100.0,14,0,14,14,100.0,0.0,417,0,637,499,65.46,0.0,0,0,0,0,,,129,0,212,214,60.85,0.0,0,0,0,0,,,42,0,67,67,62.69,0.0,0,0,0,0,,,0,0,0,0,,,13,0,13,13,100.0,0.0,177,0,203,203,87.19,0.0,0,0,0,0,,,61,0,144,4,42.36,0.0
1938464d49f08ecafb8a440c9258efa43b76fd3fe5e861e30286e4b656a1954c,dacic,531,531,15,289,380,109,105,109,27.63,100.0,4,1,4,4,100.0,25.0,94,0,376,105,25.0,0.0,0,0,0,0,,,36,0,46,46,78.26,0.0,0,0,0,0,,,12,0,16,16,75.0,0.0,0,0,0,0,,,0,0,0,0,,,3,0,3,3,100.0,0.0,30,0,31,31,96.77,0.0,1,1,1,1,100.0,100.0,11,0,275,4,4.0,0.0
1aaccb0fb9bdb09c7ed85ff7c64e97d3687221fd3c5b7e94818ebfefd648c372,dacic,1182,1182,37,240,738,566,429,566,58.13,100.0,14,0,14,14,100.0,0.0,463,0,720,552,64.31,0.0,0,0,0,0,,,116,0,199,203,58.29,0.0,0,0,0,0,,,49,0,76,76,64.47,0.0,0,0,0,0,,,0,0,0,0,,,13,0,13,13,100.0,0.0,221,0,247,247,89.47,0.0,0,0,0,0,,,63,0,176,4,35.8,0.0
2296a099200f95622eb1e72db3ebfa702696d213313b1ffd6361451352b9fed2,dacic,1246,1246,41,246,770,598,446,598,57.92,100.0,14,0,14,14,100.0,0.0,476,0,753,584,63.21,0.0,0,0,0,0,,,128,0,230,233,55.65,0.0,0,0,0,0,,,49,0,76,76,64.47,0.0,0,0,0,0,,,0,0,0,0,,,13,0,13,13,100.0,0.0,222,0,248,248,89.52,0.0,0,0,0,0,,,63,0,176,4,35.8,0.0
247bcc205dd8529410b60fa825ff029deacf25bf9f93f55a131bdda470dbd4e3,dacic,1213,1213,39,241,755,584,468,584,61.99,100.0,14,0,14,14,100.0,0.0,498,0,739,570,67.39,0.0,0,0,0,0,,,150,0,218,220,68.81,0.0,0,0,0,0,,,49,0,76,76,64.47,0.0,0,0,0,0,,,0,0,0,0,,,13,0,13,13,100.0,0.0,222,0,248,248,89.52,0.0,0,0,0,0,,,63,0,175,4,36.0,0.0
26dc0b5d0a036bc6a13e4051f3d9f0a4dd396a12d5219efbbc239ee397470582,dacic,1210,1210,39,242,754,582,457,582,60.61,100.0,14,0,14,14,100.0,0.0,489,0,736,568,66.44,0.0,0,0,0,0,,,141,0,214,218,65.89,0.0,0,0,0,0,,,49,0,76,76,64.47,0.0,0,0,0,0,,,0,0,0,0,,,13,0,13,13,100.0,0.0,220,0,246,246,89.43,0.0,0,0,0,0,,,63,0,176,4,35.8,0.0
26ef7d8514bc10aa679a5990102d26ead172eace34db9c8d0c743745a5aa07e1,dacic,1207,1207,39,243,752,580,442,580,58.78,100.0,14,0,14,14,100.0,0.0,474,0,736,566,64.4,0.0,0,0,0,0,,,128,0,216,218,59.26,0.0,0,0,0,0,,,49,0,76,76,64.47,0.0,0,0,0,0,,,0,0,0,0,,,13,0,13,13,100.0,0.0,220,0,246,246,89.43,0.0,0,0,0,0,,,63,0,176,4,35.8,0.0
28bd947b72e6d87ff49f9fb5498e907a33d8db92ca50c07ae2f90b1480f9427d,dacic,1030,1030,37,201,641,501,392,501,61.15,100.0,14,0,14,14,100.0,0.0,423,0,624,487,67.79,0.0,0,0,0,0,,,145,0,209,212,69.38,0.0,0,0,0,0,,,42,0,67,67,62.69,0.0,0,0,0,0,,,0,0,0,0,,,13,0,13,13,100.0,0.0,167,0,193,193,86.53,0.0,0,0,0,0,,,61,0,144,4,42.36,0.0
2a1dcd9269c03dc2b0c71d2383decdf8f3cfb7ad82ca0b8745e1c7e01322f60d,dacic,1238,1238,39,243,770,598,471,598,61.17,100.0,14,0,14,14,100.0,0.0,502,0,751,584,66.84,0.0,0,0,0,0,,,152,0,226,231,67.26,0.0,0,0,0,0,,,50,0,76,76,65.79,0.0,0,0,0,0,,,0,0,0,0,,,13,0,13,13,100.0,0.0,225,0,251,251,89.64,0.0,0,0,0,0,,,63,0,176,4,35.8,0.0
06a0d2d406cbec6caafff9c6535f9753f5619ad636bc2af06d8b8a55c63e10df,redline,527,527,15,289,376,105,101,105,26.86,100.0,4,1,4,4,100.0,25.0,89,0,372,101,23.92,0.0,0,0,0,0,,,32,0,42,42,76.19,0.0,0,0,0,0,,,11,0,16,16,68.75,0.0,0,0,0,0,,,0,0,0,0,,,3,0,3,3,100.0,0.0,30,0,31,31,96.77,0.0,1,1,1,1,100.0,100.0,11,0,275,4,4.0,0.0
0d28e85e7e0ececbee2eef6565476ea9438a47b0d47766ae0497c137b821d787,redline,250,250,11,27,123,108,99,108,80.49,100.0,1,1,1,1,100.0,100.0,99,0,122,107,81.15,0.0,0,0,0,0,,,56,0,61,61,91.8,0.0,0,0,0,0,,,14,0,19,19,73.68,0.0,0,0,0,0,,,0,0,0,0,,,0,0,0,0,,,21,0,23,22,91.3,0.0,1,1,1,1,100.0,100.0,4,0,14,0,28.57,
1551371a8c26e90e3ce229fd4f68351373e6bafcd7cfbe51e4892605bda772d0,redline,522,522,6,43,452,418,320,418,70.8,100.0,11,10,11,11,100.0,90.91,299,13,441,407,67.8,3.19,0,0,0,0,,,116,0,152,152,76.32,0.0,0,0,0,0,,,4,0,4,4,100.0,0.0,0,0,0,0,,,0,0,0,0,,,1,0,1,1,100.0,0.0,174,13,246,246,70.73,5.28,10,10,10,10,100.0,100.0,1,0,34,0,2.94,
1c4d996df3ed84f4460ed56e65670bdd09d1d4c4daaf3a03ab7336e63a649534,redline,532,532,15,289,386,115,111,115,28.76,100.0,4,1,4,4,100.0,25.0,100,0,382,111,26.18,0.0,0,0,0,0,,,46,0,57,57,80.7,0.0,0,0,0,0,,,12,0,16,16,75.0,0.0,0,0,0,0,,,0,0,0,0,,,3,0,3,3,100.0,0.0,25,0,26,26,96.15,0.0,1,1,1,1,100.0,100.0,11,0,275,4,4.0,0.0
21660b1afc287fa8ec9a0fb43ed3b1722dfd205018996e7ccecb254f665f8aae,redline,519,519,15,292,380,105,101,105,26.58,100.0,9,7,9,9,100.0,77.78,86,1,371,96,23.18,1.04,0,0,0,0,,,35,1,45,45,77.78,2.22,0,0,0,0,,,12,0,16,16,75.0,0.0,0,0,0,0,,,0,0,0,0,,,2,0,2,2,100.0,0.0,23,0,24,24,95.83,0.0,7,7,7,7,100.0,100.0,11,0,279,4,3.94,0.0
4d5dcb125af799aff872379946f3a7e2a2385fee1742229be66af19eeacee6c2,redline,232,232,8,23,109,95,85,95,77.98,100.0,1,1,1,1,100.0,100.0,86,0,108,94,79.63,0.0,0,0,0,0,,,48,0,53,53,90.57,0.0,0,0,0,0,,,14,0,19,19,73.68,0.0,0,0,0,0,,,0,0,0,0,,,0,0,0,0,,,16,0,18,18,88.89,0.0,1,1,1,1,100.0,100.0,4,0,14,0,28.57,
559aada01f84fe0dc8011fdb8325246ae1468b7286c4bcab518d95f5236a18dc,redline,231,231,8,23,108,94,84,94,77.78,100.0,1,1,1,1,100.0,100.0,85,0,107,93,79.44,0.0,0,0,0,0,,,47,0,52,52,90.38,0.0,0,0,0,0,,,14,0,19,19,73.68,0.0,0,0,0,0,,,0,0,0,0,,,0,0,0,0,,,16,0,18,18,88.89,0.0,1,1,1,1,100.0,100.0,4,0,14,0,28.57,
747ecb7296b0de86e990ff1e83fecc85079e078cf214c778bd2a30be60edfd8e,redline,627,627,5,68,593,533,423,533,71.33,100.0,12,10,12,12,100.0,83.33,395,13,581,521,67.99,2.5,0,0,0,0,,,151,0,181,181,83.43,0.0,0,0,0,0,,,0,0,0,0,,,0,0,0,0,,,0,0,0,0,,,2,0,2,2,100.0,0.0,238,13,332,332,71.69,3.92,10,10,10,10,100.0,100.0,0,0,60,0,0.0,
8595a17bb8d9bd23576c0835dea9c1bb30d9db94a89f0c7c7927a7f98998c123,redline,242,242,8,24,119,104,94,104,78.99,100.0,1,1,1,1,100.0,100.0,95,0,118,103,80.51,0.0,0,0,0,0,,,56,0,61,61,91.8,0.0,0,0,0,0,,,14,0,19,19,73.68,0.0,0,0,0,0,,,0,0,0,0,,,0,0,0,0,,,17,0,19,18,89.47,0.0,1,1,1,1,100.0,100.0,4,0,14,0,28.57,
88739c7706fab480d0a3aaa62fe1518b7d6c40df7dd24ea00bed06cf263e5bd7,redline,229,229,8,23,106,92,82,92,77.36,100.0,1,1,1,1,100.0,100.0,83,0,105,91,79.05,0.0,0,0,0,0,,,45,0,50,50,90.0,0.0,0,0,0,0,,,14,0,19,19,73.68,0.0,0,0,0,0,,,0,0,0,0,,,0,0,0,0,,,16,0,18,18,88.89,0.0,1,1,1,1,100.0,100.0,4,0,14,0,28.57,
8bfbeb1d5af206f22e7cebfbf339c77962c1c48535035b27ad1e5fc1062489aa,redline,528,528,15,292,389,114,110,114,28.28,100.0,9,7,9,9,100.0,77.78,95,1,380,105,25.0,0.95,0,0,0,0,,,41,1,51,51,80.39,1.96,0,0,0,0,,,12,0,16,16,75.0,0.0,0,0,0,0,,,0,0,0,0,,,2,0,2,2,100.0,0.0,26,0,27,27,96.3,0.0,7,7,7,7,100.0,100.0,11,0,279,4,3.94,0.0
9b4109bdca72c95b887b10d90e4162e50786fe38856f0133f2fddad35c15bcf5,redline,232,232,8,23,109,95,86,95,78.9,100.0,1,1,1,1,100.0,100.0,87,0,108,94,80.56,0.0,0,0,0,0,,,48,0,53,53,90.57,0.0,0,0,0,0,,,15,0,19,19,78.95,0.0,0,0,0,0,,,0,0,0,0,,,0,0,0,0,,,16,0,18,18,88.89,0.0,1,1,1,1,100.0,100.0,4,0,14,0,28.57,
af1f2b1886a7d3cbec3258cc7d409cfdfa12dc98f342b40bb292dd2db423be71,redline,532,532,15,290,380,109,105,109,27.63,100.0,4,1,4,4,100.0,25.0,93,0,376,105,24.73,0.0,0,0,0,0,,,37,0,47,47,78.72,0.0,0,0,0,0,,,11,0,16,16,68.75,0.0,0,0,0,0,,,0,0,0,0,,,3,0,3,3,100.0,0.0,29,0,30,30,96.67,0.0,1,1,1,1,100.0,100.0,11,0,275,4,4.0,0.0
cf3230c67aeff72f9430821fac171222d1228921c6b07116d8fc14a976fd7d55,redline,228,228,8,23,105,91,81,91,77.14,100.0,1,1,1,1,100.0,100.0,82,0,104,90,78.85,0.0,0,0,0,0,,,44,0,49,49,89.8,0.0,0,0,0,0,,,14,0,19,19,73.68,0.0,0,0,0,0,,,0,0,0,0,,,0,0,0,0,,,16,0,18,18,88.89,0.0,1,1,1,1,100.0,100.0,4,0,14,0,28.57,
cf4fa9c480473d3419eb68f584d29de06dab99400ecfd2557100617ab7490c1d,redline,232,232,8,23,109,95,85,95,77.98,100.0,1,1,1,1,100.0,100.0,85,0,108,94,78.7,0.0,0,0,0,0,,,48,0,53,53,90.57,0.0,0,0,0,0,,,13,0,19,19,68.42,0.0,0,0,0,0,,,0,0,0,0,,,0,0,0,0,,,16,0,18,18,88.89,0.0,1,1,1,1,100.0,100.0,4,0,14,0,28.57,
d4727dba9a619e5039e2f3af4625f32335c28b309881359e6fe61af9c1240809,redline,232,232,8,23,109,95,85,95,77.98,100.0,1,1,1,1,100.0,100.0,86,0,108,94,79.63,0.0,0,0,0,0,,,48,0,53,53,90.57,0.0,0,0,0,0,,,14,0,19,19,73.68,0.0,0,0,0,0,,,0,0,0,0,,,0,0,0,0,,,16,0,18,18,88.89,0.0,1,1,1,1,100.0,100.0,4,0,14,0,28.57,
d8b5a3960f5aef160acf99aa6e004c428bc67265c7e559b2955d81b050f367c5,redline,260,260,8,24,137,122,113,122,82.48,100.0,1,1,1,1,100.0,100.0,113,0,136,121,83.09,0.0,0,0,0,0,,,75,0,80,80,93.75,0.0,0,0,0,0,,,14,0,19,19,73.68,0.0,0,0,0,0,,,0,0,0,0,,,0,0,0,0,,,16,0,18,17,88.89,0.0,1,1,1,1,100.0,100.0,4,0,14,0,28.57,
da8fcde10abb4d4a5fcf819e839811667795a72a48b07dad24d68f92eca2991e,redline,228,228,8,23,105,91,81,91,77.14,100.0,1,1,1,1,100.0,100.0,81,0,104,90,77.88,0.0,0,0,0,0,,,44,0,49,49,89.8,0.0,0,0,0,0,,,13,0,19,19,68.42,0.0,0,0,0,0,,,0,0,0,0,,,0,0,0,0,,,16,0,18,18,88.89,0.0,1,1,1,1,100.0,100.0,4,0,14,0,28.57,
e42ad0e70feca06dc6ef1b8f01c86c3e9d594a879af18ee6519b90092b240412,redline,267,267,10,26,141,126,117,126,82.98,100.0,1,1,1,1,100.0,100.0,117,0,140,125,83.57,0.0,0,0,0,0,,,75,0,80,80,93.75,0.0,0,0,0,0,,,14,0,19,19,73.68,0.0,0,0,0,0,,,0,0,0,0,,,0,0,0,0,,,20,0,22,21,90.91,0.0,1,1,1,1,100.0,100.0,4,0,14,0,28.57,
f0caa5f0ebfec42a5dfcb413e807494783cba4ef35bc8497ba8aae25cc3dedcc,redline,262,262,8,24,139,124,115,124,82.73,100.0,1,1,1,1,100.0,100.0,115,0,138,123,83.33,0.0,0,0,0,0,,,75,0,80,80,93.75,0.0,0,0,0,0,,,14,0,19,19,73.68,0.0,0,0,0,0,,,0,0,0,0,,,0,0,0,0,,,18,0,20,19,90.0,0.0,1,1,1,1,100.0,100.0,4,0,14,0,28.57,
