family,stem,outcome,total_events,elapsed_ms,dry_ms
redline,21660b1afc287fa8ec9a0fb43ed3b1722dfd205018996e7ccecb254f665f8aae,ok,519,5179,85
redline,0d28e85e7e0ececbee2eef6565476ea9438a47b0d47766ae0497c137b821d787,ok,250,5118,61
redline,88739c7706fab480d0a3aaa62fe1518b7d6c40df7dd24ea00bed06cf263e5bd7,ok,229,99,59
redline,d8b5a3960f5aef160acf99aa6e004c428bc67265c7e559b2955d81b050f367c5,ok,260,5139,65
redline,8bfbeb1d5af206f22e7cebfbf339c77962c1c48535035b27ad1e5fc1062489aa,ok,528,5126,85
redline,1551371a8c26e90e3ce229fd4f68351373e6bafcd7cfbe51e4892605bda772d0,ok,522,5114,82
redline,e42ad0e70feca06dc6ef1b8f01c86c3e9d594a879af18ee6519b90092b240412,ok,267,5110,66
redline,af1f2b1886a7d3cbec3258cc7d409cfdfa12dc98f342b40bb292dd2db423be71,ok,532,10119,74
redline,747ecb7296b0de86e990ff1e83fecc85079e078cf214c778bd2a30be60edfd8e,ok,627,5113,84
redline,cf4fa9c480473d3419eb68f584d29de06dab99400ecfd2557100617ab7490c1d,ok,232,97,62
redline,06a0d2d406cbec6caafff9c6535f9753f5619ad636bc2af06d8b8a55c63e10df,ok,527,10123,79
redline,f0caa5f0ebfec42a5dfcb413e807494783cba4ef35bc8497ba8aae25cc3dedcc,ok,262,5142,64
redline,9b4109bdca72c95b887b10d90e4162e50786fe38856f0133f2fddad35c15bcf5,ok,232,114,60
redline,4d5dcb125af799aff872379946f3a7e2a2385fee1742229be66af19eeacee6c2,ok,232,100,61
redline,8595a17bb8d9bd23576c0835dea9c1bb30d9db94a89f0c7c7927a7f98998c123,ok,242,110,65
redline,cf3230c67aeff72f9430821fac171222d1228921c6b07116d8fc14a976fd7d55,ok,228,99,59
redline,559aada01f84fe0dc8011fdb8325246ae1468b7286c4bcab518d95f5236a18dc,ok,231,98,61
redline,d4727dba9a619e5039e2f3af4625f32335c28b309881359e6fe61af9c1240809,ok,232,98,60
redline,da8fcde10abb4d4a5fcf819e839811667795a72a48b07dad24d68f92eca2991e,ok,228,97,64
redline,1c4d996df3ed84f4460ed56e65670bdd09d1d4c4daaf3a03ab7336e63a649534,ok,532,5126,79
redline,43e9c97290e39e90c51829a1d85b042c49b7f91b51e99c8a0417aa4fa0d196d7,ok,244,103,69
redline,1c504777b4068ad1f5dfded8d823fd3b8ae72430285bb4085cb3c0723e29c4b0,ok,240,5109,63
redline,defc8629ec568833c618b6fe81ac45ff7908bb553b2811850a2e7f2e60b446b8,ok,234,119,62
redline,58cb16b794f00f8441d07562d6198c804a0cf18eebc9ee192a4973094cc88e4f,ok,229,102,62
redline,f2c5ddc3419a950c3982431685406152d0462ff8e6e44eac77ba23a76ddc8193,ok,580,10107,87
redline,af60086592adfaf5ec65c69085a2688792b0c92a1509e9f27aabdcb20969dbbb,ok,550,5133,86
redline,846615de26ab12a1af3200da2473d24a6c6e00533ef3505183cf316ad274d2fe,ok,532,10120,80
redline,babd836631e288a3898e6b871ded792269de5c0014085887296a642d03a14d1d,ok,224,91,61
redline,acaa807a6fbac7521256116f532d057a15f0b71db869b235576ddf62724158e8,ok,6594,15797,611
redline,568901e091dada6684cf320abffb23f8413c43b1f71e90ebd55ee9275c3e48de,ok,266,5113,66
redline,150a59db398fbdb168243dd93fb73b787aca0434cee601ed522bdb74c769215a,ok,240,106,61
redline,d213d41eec83394b49776b106eed246b7f7b8a460e195355122c2ed15df4de42,ok,220,90,59
redline,d17f52b01a54857a0d5f02499b7bcdf623e73a6bd8a6d0f363edcb77c02f20fe,ok,243,5129,67
redline,a59f5159b44aa7e6de22213de0875eee977870259853bb8973b7f98cd8aaead6,ok,240,97,62
redline,cf5049aaa76c4b36bf8698afc7835ce9feb208eae6437f86c84e3421911ccbec,ok,251,107,62
redline,276ec9eac00348bde8a6e767d79db50b6694183d39d1b5b565e6e2bb2b9034f4,ok,523,5117,79
redline,c47365af2b67ea507a090894f5c199eec789f11c00aa02f5d309c4c200c88f31,ok,225,93,66
redline,6b4037a48d116b95097079a9abe02e5ef2dfad10eb1b6d6e3ab1fb8d056fe119,ok,240,113,59
redline,fc3a86bffbf5f77312ebabc81f19765b3f42edc3f7f8e59541d1f88163e59152,ok,240,107,69
redline,eced7d49892ae24499f3838dea71e76eaeb9e357631a050a95ce4366b20c1759,ok,224,90,59
redline,dc9800714729a51a4d877748ad4b6a689db0603e0a21b389270b02fc0afede56,ok,227,107,71
redline,067c52b1e38d205d25f5f8bd5778ad6936c87f41bfc5026edd89668826b6223d,ok,527,10119,84
redline,a5acd45c86eb20baf85dfe16dcf019271d0ab2b42bfe02eab4ecb4e06f45a76d,ok,222,97,58
redline,9be0387d865bef272b66fe34363fa38f5c4e2be5b6b773526bfc1d14b4791eb9,ok,222,106,59
redline,0c556f4411fe979215dab0e8f7914e56955a85f9a328f80f1ba65b2c4fb96d8e,ok,242,100,69
redline,206d89ca9169b1d8cf1df5245d5d04cc61f9cd2ed5ece0d330100ea9a75c9807,ok,527,10132,85
redline,106c62ef20516cc7d6d59e3122786fb7e3cf726d98507fb02a2bd3a2d038fdf0,ok,537,5129,80
redline,1a357d5cf7631ee65676a5c822f4dc7b9643f059187b44cd74ce13eebd67c486,ok,232,105,65
redline,ae0dfbf89886ecefb560bf41dc7132465d564734b136a1f62a06ecc2415f352d,ok,231,102,62
redline,d1760389b88d25a81155092b1e83e5d674a1e11257276bc8fce720fd62320c58,ok,256,5128,63
redline,0690553cc261bc65f59e9237721a0bac4565e01ce547284389da90fe0131900e,ok,269,5122,64
redline,c2135daa85b4be7b7e17624ebf3919789052a29d9aef41c86dabed291a283b3b,ok,4001,518,391
redline,25ed98009b3401aeb6775e771964594ff65ad8fd7f0d830da8508a4f3869d437,ok,226,5106,87
redline,d885c60366464c7d4584a206a98c717906c245512c267cfef69de87e0d3bb3f4,ok,519,5106,77
redline,93735c886f181d6e324bde5828ce65eada30ef259b8606ad28e64baabdce669d,ok,240,103,65
redline,76668462759315c9354b9422e0550cd3befd34b35f79b87578084dbf44e89dd7,ok,241,115,63
redline,48082da80847e58585e043ab9686c490ef4422986cb46d2ea7e61773bf45e056,ok,242,5118,64
redline,ca95b945b3d24dc7aaee68840fd86ad7c870bfcebbbf781976608643edf852a9,ok,527,5114,74
redline,a72f3c7ec9299793363db42e489419cfcf38c20d9e730916b9b257485cde96eb,ok,241,105,61
redline,581ca095c526d9129000fc65b436d202f3e8f7f8b79beba8d3cdc48bd0d5c602,ok,240,106,63
redline,936128c4e0afc788605c5adbf90043f44883e4f4adc382da6b081b937b635b5b,ok,219,90,65
redline,c2bc49b59e5e1db1de343f8bbb545e4810d90ddbf098b3e8fc57b28aa3141b88,ok,246,5115,64
redline,afb31fe2fd178ed1468e281933e79957bafa001e875b7008965e26b8d3868898,ok,531,10130,79
redline,9641fb4f77b56c4110bb56faf002b03f021f7acb2b2153ed468f1ab96b5703ed,ok,228,97,62
redline,56e8ad2b26b6a68006f90a3a41e44f46a0f8e5f97965bb1a0d98c8274ecc8d0c,ok,232,115,62
redline,ae40c90310290f4703918907fbb5c6ed84dd9f88e8231940d3bc695456741fdd,ok,229,107,59
redline,cb0d7efc51da225943743f0055cdf3584ad5d4f3a855150eb0bad8697e579433,ok,239,118,61
redline,8c8b728237b95b8d69e6d136dc695b3590713ee64604a60f768d8224d4f64725,ok,526,10129,82
redline,4b62c2296736f0d1d6e0f139d02d9671784b5858b7e428ad966c8162ea2be0d8,ok,229,103,59
redline,af3c6399982b449edcb300b02c8a66921b00bfff63ce94af22c677856ffccede,ok,239,110,64
redline,f34b0e06956462e632fb7d04bd860e728f91663cc9b96bfa5aca793010660883,ok,580,10111,86
redline,7917c41177e8899a1c61ad77133af340bd3d66f3a5fd2009d879aa154f5e84a9,ok,234,103,65
redline,1ff8958025b4a8cf0d57fd39cdccb65d1fdc5de7dd10db4e671e523504559f4a,ok,532,5125,92
redline,9f24ac1d22db943bfa6394486340ac0a8f56e655b85308b1317e5423489a7ced,ok,263,133,62
redline,51d657df512e7cbe199d7cf51ed7ad922c87df41ed039cca89d19f3c97685af0,ok,237,102,65
redline,73482d57d8d95b8f24345ab5a962a845f0b05f455ce4037a716df4ae2ff275c0,ok,2946,10481,271
redline,042703d29701d4561a4646dde342cc75c00b4f43380e59af8b773b0928650924,ok,233,99,58
redline,fa6c52d3367a4db4f2cb6dc8d3dc9d548289adb065a601bf33905706b8297aba,ok,227,92,60
redline,3403fca65042a5ae331ba942661e3e74f2033090311e0da1ab794e8aedc8c399,ok,527,5116,72
redline,a8f54e916ed2d9efb816afad76e1189a829a4317c1e91c4944dfa9fd9e696631,ok,263,5120,73
redline,6fa15bdf313e766adf5bb28e44c1e5c1024305515b6750ffafe0469d2050ea61,ok,242,102,61
redline,3a448206a36c70cca08b6cc0423cdb1f096c9cb3a99768cae06141f881b4f498,ok,539,10115,83
redline,547e1a93a2de0cbf03bba505c7a2739bf5f94aceccc7ffeb473ac63291e78895,ok,245,100,61
redline,df9fcdd73be0b7d20ed5f288257dcf342a789907894ee66c77fc0e0928fe9d52,ok,268,120,63
redline,d6b8e3a14e9600c7bf74608c1a9502b39fe8997f1e0dc84189a0576d90aadd53,ok,3765,10452,353
redline,121312c1dcf375ac0ba310f43084b4d185639d615b1183c900a483ad16e92094,ok,540,5141,93
redline,4495ce198dd09c182e507bb6f039f598034d846c6803e7629ad3a582779ecf44,ok,232,103,62
redline,de8f7c869fc3ae5c5ceeb9b472b002c0e56bd3dfc933339920ecb94a2fa338f3,ok,262,5115,66
redline,6f1ca76d16cf50b6fcf6ce1cff5e3541a6594d8744ffa912bfe1528adc65ab1b,ok,520,5112,80
redline,a0ed11766430f0d6aa62c640dfd7516381fee46b35264f5bb8a48327e592fa82,ok,223,98,60
redline,3b28a1a02b86837e7e951ee2862634f921e9be6089ce542eaf4b2a1652c8e7bd,ok,257,120,63
redline,c1cfacdb58118e9d7766a5621dd7d9b0a6f50db8bd59b6fc694c109ecb001d42,ok,259,120,69
redline,38ac1b6d0d24f2b5edec5949e87ab80431dc9a11d8cd0d383df58b16018c7273,ok,231,98,60
redline,d685952efbbd0aaf4155529b459c57cd3dd1d175419fa85fe4c2a4d7163fde45,ok,1542,5237,149
redline,0d50503786678c096bb723244ecfdb86ed6877dd14a2e853701b1e6a437e6280,ok,589,10130,91
redline,1d47bd41def12d086b2acdbd51023127b45dc0ef3b22f5678f8b0c510f79eba6,ok,519,5106,74
redline,e166bdcfe26090d11b0481f8712af12f17d6ee6c8320464d672e44178a78585c,ok,580,5132,83
redline,cb44d697cd120c0f9098e0b9b7faf2f5f67d5f426dfb225db47ee62684e45443,ok,258,120,61
redline,bd89f4b987e4e8cc7525b72546e690d2864966d802fd77bc37e81b52b4516446,ok,222,88,64
redline,b6d938fc1184448513a173888740c48a77a04b368cb79b720bf83e9b21e9b242,ok,236,101,62
agenttesla,3bcc7e2a22fd283ad188e24bd4dd4cc6180f2fc907de59cc3c952b89507bfed0,ok,3927,2467,389
agenttesla,b483fa2b04ee2305e50ec070450c43c4feef6d98a30f01aa1f003f11ffad2aa4,ok,7612,25933,667
agenttesla,a01885eaecb0c9f8f63f0cd8d935e374f339c0e42f392885ab765f2b78977a2b,ok,12826,26656,1224
agenttesla,34bfed7f2450542d851b696685ed0a43438683a54f1756a947119d7258a4adb1,ok,6743,15816,571
agenttesla,14a69b15aa430be2251215742e97972393b529833bdf771c0a4ca67b63bd999a,ok,11167,22725,1006
agenttesla,e77034ca0f5612915367f7d97ba20d7452594622ce20078eee74df276173ef47,ok,13056,26677,1136
agenttesla,97289b7b81716c422ed44dc42d80db0ba56989bff3a879d31a28b935686475bf,ok,7113,30882,618
agenttesla,4b9f0cd6e0662d7ae5100f518f3d82a1d0ead105247e12bd375c21680c59198c,ok,4805,35646,431
agenttesla,38a9f881eb28d8f75c2c21a9cb4de15e472866346c747c480e8e6ec485982067,ok,6428,25747,564
agenttesla,e33e4865fd5388cb8d3b67d1919d3ec2ee596463012327798fed93a2a282e4bb,ok,6999,25869,584
agenttesla,a2e1d3ac58e834c9a692b6d4637a1663e54fcef7c876ba31401ba1aa76d0df22,ok,9259,16359,942
agenttesla,65ad076012248dc504abe8812d6b4d2128a0aa7c3de0857a0c836e6e33497347,ok,3916,25561,402
agenttesla,f15efc199baae5de89401024d42aa136fe03c1cfbea1c8eba689a5e832d83289,ok,6761,784,596
agenttesla,693c258cb5620f7e8714d4afc7215e2c7dc16872265148341db23b639906eecb,ok,11211,16079,977
agenttesla,5c9e41c57fc02e8a6832d92888f838a455e75ce93c833f2b730376a11f0040e9,ok,4593,35594,415
agenttesla,d975b68c91c59dddb7b6777f6f2f78300ddd9be5c51f483994ea26106839a017,ok,4687,30562,444
agenttesla,104ef2e1223676a6d315da9de43b53286de58d5a390cb6d8c0ef391e7ee23a86,ok,7019,833,654
agenttesla,ce683b26018a84f023bcb4b52378b88f5fea654c50a42aa136ef47b67898fb40,ok,5455,10716,635
agenttesla,6d6a1f154c6ae1d70ede87fb06b8588807f50b33315fe4dbfbef9126b18f3bc2,ok,4292,30528,427
agenttesla,85b3c9f10a8f1e3aee3d393260f82c7dcf8d23dcd899117f0394f6a9f0fdc7fd,ok,7232,20869,613
agenttesla,72a6a1243fccacf3b1a16574f836c2025eff007b9b1e99da334928d836e94b6b,ok,6484,30865,600
agenttesla,83510fcd020aab684a9cf85eb78ab7a88573513871bab5dee2367efe09556f67,ok,1794,319,173
agenttesla,7d4d2a289195f4c5ea91de699999037acd8f969b9c562531234c3ff0faedcb2a,ok,7077,20762,609
agenttesla,8c7fa17fbd493ee5c1c6cfc4fb662e20ff8f5e41c189808a5fc7d666ce625fe5,ok,7282,20883,632
agenttesla,fe304cb0925bffe7c7314fb8c4bc50c15b82e49c81fe176c8482ea1ed6f51bc8,ok,11841,26513,1063
agenttesla,9edefc168186e3a7ea6785affc672f91cbe4f592d4b84c75435866f16eddc82b,ok,12015,31558,1144
agenttesla,379ccf754b70aa15e6d95ce3ff7076eea655b6c833033c3a95e8c6108f3c0f59,ok,11986,26591,1144
agenttesla,4764e72be01dff161ce0a248e78c76787c80e739267b687b922f0e422852b7ba,ok,6605,803,619
agenttesla,dffd7160962de91f0859e87eba3e6d2ea8cbd3f4ecdc7e27d2db556e027d6173,ok,4452,25553,426
agenttesla,84a93af9e18d782e353d1249988ce2fe42208f613fcd1f53287b327a693b9ef1,ok,4915,25679,437
agenttesla,b5145ccf5ded090001d3a5368ad32b5b4853f1b2153e55beae9ff0ba543e449e,ok,6602,25742,560
agenttesla,a4d917b6696ddef08d0f4ea5a2dcaa8de85e639684a5f869e353c2c80315e2d7,ok,12804,21686,1228
agenttesla,c4d61401b682f67da79981fbf0df579b7e34b94495c9a5c88b4038a2a1df7a5c,ok,11617,31506,1073
agenttesla,167aef05154cd6d6aee1e044770d579f5fe29433cf451bb1b7afb8054f214fd5,ok,8492,15913,758
agenttesla,942ef672b6f7e6f67a1d4de06e8c25bdb316a74c27ab4602d0ef01c33c9c5e36,ok,7754,817,741
agenttesla,f84d789635e636040055b6e95077408820a412d66bb66934112a004ac24d9eba,ok,13514,26696,1183
agenttesla,5165efed390a7710ab87e8256f51ec07dbc9b63e8cf55e104a9230530b813cb0,ok,1753,10367,704
agenttesla,24c43375fb726dbf16803dd6289d64984d9de0ed10f6bcc84e3f67b8a52c6904,ok,12440,16615,1198
agenttesla,999b9220114d400040d6db03f6412a38fbd3f29139c314e95697aaa8ed5965f8,ok,12186,11501,1086
agenttesla,4dfe22e7fe8228f2c9111088b882a2dea5c4e80ee0b1596f7a3447b22a6cf5a2,ok,5265,5731,574
agenttesla,ff135357a87d1b5f8947dee12439f270b9c3e72693574ca052b114bef0015131,ok,11209,21612,1093
agenttesla,8015d0f83bd5b01a372675e35de2a1f181a696b8a9ab337adc9a8e873115637b,ok,5067,35715,460
agenttesla,88f9b8e7a6bed0659b87c3b48f41122f2c1dc4ffd276e88ff468c2b08513ee15,ok,5167,5643,464
agenttesla,2c2dd8836392bcec5f9326faf7c7f222cd2e5ca5538e8f147122f7d405b489d8,ok,4754,25619,422
agenttesla,251982ac02a87c546ef1872b1beae28856af968d01bc0783f1034cdd73bba752,ok,5730,10721,672
agenttesla,0113a0681674a5ce9fc9d80f924a196ffb7471f550fd79f2e49356b7e4e76cb5,ok,5810,671,482
agenttesla,88ac7d9f157d80cb2aec269591e6386fc57ddb114d129a439ff66a596baf7f7b,ok,11367,26464,1037
agenttesla,b5d3c7a0a47dcfc26d108e8ab87d79a33955bf53c66ceff7f60f309df2ce3353,ok,4203,25558,412
agenttesla,f71a25eba39e485b06a0d11f5dd097540200f52f5f25726b9d61c0272ffdb21e,ok,9892,27650,908
agenttesla,6091bd7232ac362de5f7b1618a8e476b146a436b4dea2c188b9403405dd7cba8,ok,6001,10807,640
agenttesla,f0b44e01b8b6bc7b64a875fedf0db0865b0d4c787d60742792f0a8e499d71e85,ok,6398,30770,537
agenttesla,eecf01b70476c7cb2eeae32f85b0a1490fb40836ea13d28edebbe2e9b1576948,ok,6929,25874,564
agenttesla,0b4d7a81cb8f89e34562cd756540d3dd62176c0fa829d7dba9db2c727b92aef0,ok,7497,881,618
agenttesla,43b5cfd70c439d116d7ec6381d664d5c8e7f89f84eb4186675db11bf830ebabb,ok,6902,27450,607
agenttesla,43ce74b24e828ba294f7247f66878e92d965555ffc05a06299e2e4938bae5ccc,ok,61039,20189,4809
agenttesla,f68067f9115e9ede57c73b7392912980129fd16b51f3f6550f8e086702b65eac,ok,11633,1538,1078
agenttesla,cb5d2b29667d5d10ef927ecbd99657a4790f86bcd60ca92b3fe2d9601dced902,ok,10030,1329,904
agenttesla,a9f736db3605228043d1d98f0a3e56d853336d25d06aec27b720c82dac015c57,ok,7143,5749,658
agenttesla,0f3ded82d31dc7e7692d4b70fa848ec00780412a2a94636ee7084bdfb1e0859a,ok,3988,25517,390
agenttesla,b41d062514aa18a0dd65876a48669545b06c1607a7fc8bb6c2e3f5f89146fad6,ok,9168,21278,941
agenttesla,5db211cc922b9dd6d4b90f93dbd9a7cb0191ab8e02cd39fe058cd69ab4ff02c1,ok,4540,25604,440
agenttesla,54ce67f0ea2eda189fca651201c48e9afab05908c681e02ad3238d3f29d19eba,ok,6765,35883,599
agenttesla,65370cfa1e08f458d53cb661cf02054d9324f155a7bbf6505b4da5c2f9492385,ok,6884,20837,589
agenttesla,7acc949f4e01f5ee720f2821349e3a0dcf05a7ac15470a8d7f6ff9aef1d00d2e,ok,7272,35857,656
agenttesla,83d3644a239ef9f0353c7387c55f76c1c5aa30eb1d261b5035aff03db365e9f8,ok,1502,10369,609
agenttesla,397046da411436841b9eee2f3edc21f72ba89f0165a29e1fef0cafa6755fcdb0,ok,7420,860,656
agenttesla,069c1a556943461282bfbf8411afc6213a359df9ce4894a80881e45a2ba9bc84,ok,11490,46477,1084
agenttesla,0a50e4e96fe3948c570214cd5dcdf34b3a2625742eaf15ebdde41d0cd75dea61,ok,7353,25875,558
agenttesla,55e3c71c40618505b890607e53a5f800aa154a909f911359b765933a8f2c0eb1,ok,4452,30581,439
agenttesla,d9e6629d10acc5f2c14986434a8ecf599c025ea5250015cb15dea536f05b61e8,ok,6195,25784,589
agenttesla,54b6c23d9bc5f44ceed5946ffc935a88488d30a848c75568b084b9c9287a3cb2,ok,3523,546,379
agenttesla,9d514d80de58b161140df4a7f543b03a3b38fe3d7374f12849e1b186c219c487,ok,5218,10762,659
agenttesla,5adbcb5406936cc182300072b9306adda1eb3cf1aac9e87ad211515d19450bd9,ok,6408,818,583
agenttesla,11cbc233ef5187f59c9a0e314bb8a9ac4d0a1d4c54cee653b1feaa386fb27cd6,ok,9127,31211,908
agenttesla,746604779bf099b84b5a237bc6e777b10cd9ca0d02e49e136f4856debbb89d65,ok,1532,5302,410
agenttesla,9fb2146b1a2b9c73f6be8e65f8bfd746ddc85c61cb5ac2523c25923a76265119,ok,12624,21671,1221
agenttesla,f591f3b46cc1844550906abe587a1d82b96b37bac5621c1937ab8b0552258417,ok,4443,586,440
agenttesla,32abb7f0c67327f53e15d72bdcfe4697cfd27da618a0d81a00a81491372a8392,ok,8720,30979,743
agenttesla,4afc813a3653c61125093a1be3af978e112cdb889971d44810cb1b1b52a5dfb1,ok,11860,21578,1121
agenttesla,3ac423ef931fe5fb91a9a24bb29536dafa1c9c6e75a496f80ede94ef7a7315c8,ok,4126,522,365
agenttesla,850ce005298ab95b563a50c0b95618d97bc4696e3fffddf12b06c25bf933bfb0,ok,5201,5604,464
agenttesla,bec11b766972a7bb42603a2e6f1452cc5a769779586b17120eaf4299db06fb00,ok,4449,25553,378
agenttesla,109ef5c322e2f5b9624f14914d4e4db3cd2ee7883f9c718c913616eb69277091,ok,11242,1098,955
agenttesla,03f51ffa9c987630724a451ad872f52bf97bd257ad06b58b6194f5dec29c8f13,ok,7500,25959,608
agenttesla,fdb6a85d8a54244ce523286412d18ddefbf2b59e54f59576311d9f54e68a398f,ok,3888,10577,355
agenttesla,ae50c62b53bbc6a13083d2940285b2fa57ed71a53c3c28dbe867539d50a3bec4,ok,6828,25729,612
agenttesla,f680c98c411aa4f05cee596740786e343d48769abc460899218e624f0d7ebca8,ok,11974,26611,1182
agenttesla,3aba02f8b1e468adf8164eb3932c56bf1082cad0f3c94a9b315e51ced8526669,ok,12664,21637,1237
agenttesla,a50ff27364591ebbe3589623d88752369ff33f67df2994f70d79177144376cc5,ok,10133,31454,1058
agenttesla,5fb31e60567d6a71966f7232cc9836835ad962bc588960a54c3f5a2f30f49de8,ok,6492,25805,572
agenttesla,18463a1b8830da861b3a7ce1926abf1c4cf77663b3b8722103a21dfa097f08e8,ok,1339,257,143
agenttesla,b97a932fadd096c350b870e0a0d9865c0c3a0d28f236575509fb349e347c92b4,ok,11523,26604,1142
agenttesla,a65088ee464a48510aa0925bde2269a033a13f0622d751e4c72b8d7cd2ee1396,ok,3740,20479,362
agenttesla,e7e0689ace455992d052b1c39c3edb903bc4477358f4ecb8fb0fff62f8d2561e,ok,8394,10975,696
agenttesla,6e4fa72cffa8c6cbfac487753758461e7c066e4390954ec1bd4fd26223111fdf,ok,2322,10450,648
agenttesla,acc56d676d67ab62bebb9226f1689228a8c9bbd1a5855f6ce8dbdf8088c61ac3,ok,10919,21470,1097
agenttesla,c7b95632025177e42114517f2fd2d3f00dec812b6d394b3966a13a0ce831629d,ok,33573,62948,2505
agenttesla,8235377c714eb9e58b2db6d39c4091d4b610296e8bfdfae466a8f286e655dabe,ok,6918,25805,600
agenttesla,21afd28ee430548fc6e79700fee08f4c4a22e4d22fb12ad0bcc72f4df6f25540,ok,7250,25842,639
agenttesla,12384caecb7a336ae37a29e642488b5cc45559c321dad21c4c8fa7868a2ce859,ok,7049,25832,545
amadey,18fd6b193be1d5416a3188f5d9e4047cca719fa067d7d0169cf2df5c7fed54c0,ok,7475,991,631
amadey,6db69d1dbd4dbe1108a05955d03052864c7acf3165d0ddbfad7e4156c37a0bd8,ok,235,101,61
amadey,6932aa2b259a43e44dd5ba561ff61db50480ae95aa6fbab7d875e411fd74befc,ok,10615,1253,998
amadey,30c8c226fbe1ec0bda70541cd36c632e937182e0a55b639c4f26d2340868f481,ok,6381,5727,579
amadey,e108ff127816c7473b4288f40bd13567a985e223950fa93d9ab0d43aeb8ec658,ok,17289,6938,1438
amadey,4e4eed16b3a6b4c9f1168745b8268765a9b7a0b5c557cc7e2975c24940eed32d,ok,233,103,71
amadey,074dfa8168d74a7af03ded4012ec5fb0d12a03280903bd5c7fde7f842172670e,ok,838,159,118
amadey,c2dde09d415c9a9cee697b38102054fcf775c3e2880ba4593929311da994dd11,ok,49321,10387,4074
amadey,c82d2fce74ea779ecf9d29ba5e371111917a7724b72a321406755a97434b6b9b,ok,23164,2300,1882
amadey,767b03b1909c858a948371ed7791ff0c0629e5e4c7d60f97900b1fc27485103a,ok,69,71,77
amadey,7095952df050e7b9744fd672e0a3bd68fb3f4327a856972603e545de2649a494,ok,2151,316,217
amadey,ec137c56ce1fbf300d20e4da977f3df9d82ab43a1479afec5ab0ec5997823ad6,ok,42730,9615,3630
amadey,973c875729ccab5d3b082d708b110a460dba4a519e065e5e2292bdf399bb251a,ok,221,92,59
amadey,af3abce52d153228bfc6b631d43f74c0c0446e04f68163b85811ddd49ad349eb,ok,1268,189,152
amadey,7732b3137a721cb543261e9c4ecb5c90b51aa6d810c2df0104df6b11e319dbd8,ok,236,101,60
amadey,44ab913e6708ebdb117d4d0608fd14c7a3b5280db5425b0f4e4d3bdad8654f55,ok,222,102,60
amadey,faa2daf2db5f5ba0927b64b5313347194e3ba0cf6dbb25ec408f4f5ab3a2d481,ok,29773,3280,2714
amadey,1984500308101a791019acb978621a31530f8564f4afcfbe43fa22cb68dfd117,ok,4575,563,423
amadey,ee4c5daa2e1992d339be9e9a69726641952127dfc0c4a74b695e720fd8f2c548,ok,3349,381,312
amadey,babe2bac544203762a76125e6b592106f506b056d4d23f1b565156419c12e0ec,ok,48680,9996,3905
amadey,005e021990388ca7a500b209505e747e214a319e0a18d23a1dd659bddafcd2bb,ok,236,101,65
amadey,1a2da7655be305e21f3b54177f438edc6d5e97d527b98712d41dab199bbbd997,ok,951,164,126
amadey,b8d6d40ceb8eb4629f70f1a83e6e09e52da0cfffaf3354a4bdd9dcef75240adc,ok,39968,4727,3431
amadey,77db7cd9e4f2ac402a07827f41de516c2138fc7972a9cc76fe6eac392429283c,ok,259,118,78
amadey,9ede690d40718ea6d69d8191d139b9e742029b9ee4c69db37526c4d5734f5cd7,ok,232,98,61
amadey,a2a43fdfe04d1f17342be55cd041234faeb16291b51bf4591c98b6f57bcded71,ok,29937,3858,2990
amadey,2b6afe34d17351c5b56a703f9b9373e14944cbaef48efaeaab00df7f237b1040,ok,11975,1277,1032
amadey,7611a9f3617806552cbed6abb3d8343d9013dca2522fc35805aaca30bb2dfbcb,ok,225,5091,83
amadey,edcd11e45efed930a5a9563c77aa25c91d52061edd71739f3b01b63568f9d706,ok,257,128,61
amadey,6da9cb0590a01c527340a0ec456ae8cadfb31986c7874e06561318715a3dcc34,ok,11883,6348,972
amadey,157a06a3b9ebe6381a43ffa118644de19a736450bfb741077a460eee1176ba6b,ok,12379,1442,1081
amadey,820fdad665b19d5c17a4ab8604f8fac33a60608ebbf82af577f73491b07d745f,ok,9595,1104,888
amadey,1b26ae68f4d9a6a0bfd1a8c92489c6dcdb1a4e6ca483442c2b307329cdfb9345,ok,4289,542,412
amadey,b29877eef2cbbbc095db72354a06828684a84586ab57ba4f606d997c6d3408d6,ok,26838,2918,2336
amadey,6d798e3e2e28317dc1b93dbc671623d036d06ad82c94821b64004d1ef983f1a9,ok,2385,322,279
amadey,2abe0fecc0a8b88610b508c3cc81991b498a53860585a85af1334c2799fe2b53,ok,235,102,62
amadey,8dca550e1103f8f3162602f771cb621c1a807127190997897a0bd373c3c43462,ok,17907,2254,1669
amadey,f7b9d0767322a55a6d7c72fe221b1afe6d74a126b9987617ba0219ab6d94c2cb,ok,18989,2118,1736
amadey,e7808c9b2f5bc2319166596471fddda32b35ceac9ff0cf6aae713e422576b974,ok,26817,2869,2403
amadey,62bad3890dd4997157e6248d93e577120bb4ebd07addc47a817800c7e9e98dbd,ok,36281,3883,3148
amadey,0fc2f0e5ce9fa677070a9076e1da2fb4021828904f464256bed54e954b64741b,ok,29102,3288,2666
amadey,e748fa2eb7bcd7cdf35f7fc1ef90ab4dc83e946443d4b2d66e8769c43dd08de8,ok,28949,3020,2578
amadey,04276d1d19ff56d14949538f31eb75aa8f198173622c466329df34cdbb251be3,ok,3035,364,305
amadey,fcf464b05016d4f9a43f2dbc627218ef63840077f00b1c63abc5e102ac972d7c,ok,4821,594,432
amadey,dbb68f809f1c082132934c3a85584117651f3b7232dab7d6ff9a0e718847016a,ok,18138,2269,1758
amadey,c0dad59a3bf41db6ecf798e4bdcef76482de14c96e0a17733413f0a05a686cfd,ok,257,114,64
amadey,d1ec02791818eb83a1b7a8b3f98015ed883745f600fe5c1bcf33932c15aa147f,ok,388,87,74
amadey,0807e330ce25d8615d3f69f10c2c3f9eaafd2a16a368168526b90fc95c759e04,ok,4280,593,451
amadey,947d24044cb646f0dcb36b726a5841608b5e8967b9102a3a2a48eb82b23b57d1,ok,416,122,84
amadey,30b55fc29eb4d6ba84b1f82bbfa69faa222f2bc6d243a759a624fbb454475275,ok,5722,698,545
amadey,c238520d436c5d8f2b77a21e5472161540494daeba6e2885ebce194db0e2e1e2,ok,228,99,60
amadey,5d7f15bb1f5a34592c1b7a2451cacf2b1beb04a1810dc67bba82c093774458f2,ok,19509,12056,1761
amadey,7febe0fba245dbc20d115e06a3b5f36f7c1b1434353bc7c36882b497bc598635,ok,20216,2016,1709
amadey,099a27fe88e3310ca62f14be7ebaacee132863c630f8702c7dce1d0cb76796b2,ok,232,98,60
amadey,098e4dd332b0246f8a1aaa87b1f9fb14769ef457466d2e823129c32d31e41c2c,ok,23882,2584,2156
amadey,8b549a868852eb291819180cd971dd7b163003efa16b8efacf685d2d5f879a5b,ok,31003,3310,2738
amadey,bb7479d1e0689a68a0e9cb3341d22e625dfba03a436a9306a6e4bfe47eca0638,ok,223,91,60
amadey,9c5d4deda8f1b114352e264a6e770adadfd6d6ef9bd03ff5c9f470cdf7dbdbd9,ok,945,165,121
amadey,3b7e4f66c4398814f9c83b444dcc14b5ba2e407f00c411a9059247b40266d4d6,ok,231,103,61
amadey,089ff6d60829c62833435f066f6247d7ad839a61e4c18614d1b847ef3bb7aead,ok,47135,5529,4177
amadey,b84d0d196ac3a5bc6a2985b4c25e3d696b47d2b8ec83c55019d6c7a681b1d944,ok,21355,2085,1785
amadey,49c4a424655e9a1cf36d4fa030a06a15d21ee247a0eb081a1d5539c7097a20da,ok,12989,1359,1165
amadey,2b4af3c6426fdd299b6be20de1141f695f8feca2f18b3e28f37f5884ebf29e5e,ok,1177,187,130
amadey,9c48ac832a3da6ee2280b7151181c9b0e6bbf0ec0a7d83505b1b460def2e886e,ok,14927,1676,1333
amadey,af1379c2cbc8abd767e205c1b0a8be9e9c8b5765083700eb3fd2313bf3a76e5d,ok,29381,3213,2511
amadey,2d6e35a8b02958db64fe8effa9804064bf478e88717fe23dabf9ee300706d032,ok,230,102,61
amadey,0dd3f8b25459c4e5e8eabfe91f24381813035cf7c71837ccb6e5f6899e48c27f,ok,228,95,55
amadey,13cad833006158f4aba033ea75b6d95d03e640f1f0aa401651db5f7b370c2258,ok,10047,1271,1134
amadey,4e1377f9874f333dcb0b1b758e3131949e667fc39aadf3091e4e3b7cdbaeef1d,ok,53585,7028,4795
amadey,7667f3dc5e1a97d383a26a6fde433fea11e93ac485eaea5247a08f9d6ed51e23,ok,1150,180,158
amadey,c26478a9d90e449ab9f3db4011eb7bb7271ed3bc2506f374543e0fec014a7043,ok,10620,1306,1072
amadey,b9253c21e8f82ccac212b78dba42f85f373acd63a40007e21d5b6a1f7b4cce6e,ok,226,5106,92
amadey,96e45d33cf7e671adafb99d4e650d51930eff09ba7397b0ad0b40f8b796f27a3,ok,229,97,60
amadey,72cd6bd93142d02a387b6e4c6141c7e9b258c2f3a3b28fa0039d71a60f7be586,ok,9023,1136,921
amadey,b67eac365a0ec306628909ec8c1fda737fdf32f2331255f585656f57de436131,ok,8252,1008,755
amadey,d02b052cefa25c1419a34f4fdf11f7975fb4e17425cde777eb9d46af8f5b5ce0,ok,5904,721,527
amadey,5ea65da532ee70eabf6ce6745c285d5128ecb4cc7f49a28452d437a33b52e71b,ok,233,116,58
amadey,ba001711c022bf7d05631e57a93fd470559cceae16f78f2451582c8ff0e57ab6,ok,15302,6661,1294
amadey,6199c88503f3aba97f2bc23545b6d57496470b262d0c3530ace4d9b4a680834a,ok,221,99,62
amadey,e72a6e51dbac1e6313459eab1ffc1832d973b0fd23fe10aba5acdee9ba028f6d,ok,231,116,82
amadey,5ff4038bb7d8b406e4c2c8f93898225ac0f969e6ab1c9dfd231b77d15b417417,ok,1634,262,194
amadey,a2eebe49ef99cdb63be5f84076c9a5dc04cc91ea1f02055eec666102f6b6c4c6,ok,232,111,70
amadey,31ce5c05b8ccb9a1fa2f3f83f0bcc093b907083f6d6203de1198a63e600874e5,ok,20955,2303,1810
amadey,5692d447bbf6256b2bcd4b20b536a9b7725dbf98aaff51e6e0439f5b12f6045d,ok,222,88,59
amadey,afeca568e86df4dc2fb8accc9e4a6768a93dc4948eda413bb49b2fdf310ab7a3,ok,231,118,60
amadey,307ff5f51c2349fd918ffd7073c11235ad26a5038f6d812082db62e405f1380e,ok,266,5138,67
amadey,cb8a6de270d282604ba95e058ff8d9c0939b036c35e1e2394016fb1f97926cf0,ok,8875,991,772
amadey,c010da0b5ee5ca9b8d48491d007af10e5b80f6d7950145e1cf81a195c19836d7,ok,40867,14122,3380
amadey,df0928765104bf106d2c79351b90b04cc1ca7c2e4ac3ef27767aede524645bb3,ok,28051,3144,2508
amadey,87ebcb235fd23c6cd6996ceb269c299b29c0d8e1a1535f383a3298a0d8ae52e8,ok,18310,2011,1726
amadey,23249a373a56f69eb857e667b57f810ae9f984e5ff6f52021a97961f36a4f961,ok,3608,442,317
amadey,18ce05ff4a275f75a627fd0ece6de64a5166478f26e2a652b416144f39882b8c,ok,12551,1597,1529
amadey,eeb482210dd21fa61050ffe6cc4cf6558c66e32b87f13424884cb974ee2431df,ok,767,164,119
amadey,fab4894ab426fd6b5187803d9f475e9c4aeb42e18643c3e0ca80a1de656fe018,ok,39411,14036,3316
amadey,0f6ce02639d4d4caede8c3432a529ff995f9d50cbfec335bbe9dc19b8f5c9ddf,ok,40533,4121,3365
amadey,18c8165d103dc6165f8686dd058b302dfdd6b2be7e71da54c23b070fec266e8d,ok,15334,1633,1233
amadey,16b83c892688e1869a75fcf88075e1a7a0983c284c41a7ff721e23cb6b9c9f86,ok,221,105,61
amadey,c84d7a88c396b7e327907984474a5b186f4adf86792a273b4ded750f4b893ca4,ok,8640,1113,794
amadey,52b888b35ed7381b5fd211296546932916d5751bb311f24431683788bddeb04e,ok,24903,2754,2108
amadey,903aec9d247ac31aca8518655026902f1f3ae706204004425838471c99f3f81b,ok,15424,1661,1439
berbew,1db05a6f525d57e95a6febe10c1afb560afde09e092b42a42d67dec8dac3cdbe,ok,221,73,59
berbew,ac66fb6b4319ec1033c63ffb6e27676f939ac615ba29b094949f5df8a492f4be,ok,226,73,60
berbew,a845654b1ea084e5844789b964f145e0ef9c0e7cf24cd831691b03bb1666261a,ok,225,74,69
berbew,ac24f8ec2c88437a288f000db635cd612f18a0972c5415958f1c1fbb80018c8e,ok,222,85,65
berbew,1771e9da2d4ca305d494ed19eee91d7c996eacf77804081fc495a554c27295c6,ok,225,67,55
berbew,b0905ce30d775ea36e56600a5dfede32727716f7f60f0e30d1e41d23d2c50413,ok,231,72,59
berbew,0e3b2cd19e68c440e1a9d6251f85331e174491e5b1f22d46c5e7bf9aa9a9901a,ok,221,92,67
berbew,501c8445e6c94bf1f08225117a788729db2c5c589a226759c38fc85bab739d5e,ok,222,73,55
berbew,61f786db1048e1308e88849c3d35c969b05b30c067a76844f7b6da1f3143c373,ok,225,74,55
berbew,7eb7dce331e5739a87a4b6676c4d9d9f909350856c0b96a7e7d79ec3a63bb19c,ok,221,176,61
berbew,d543feebe566d610090e949d9be2c2a0a976713c5f1a3baf8ebce3424cc0e7eb,ok,224,76,60
berbew,75f5d526210688ec3b5bdfd14ff472998de28aaa6e5986e9aa2cadfff421f0cc,ok,223,75,56
berbew,9e22f70a594fd99e327c16d143c71b9788a28175c0d2fae5ce9ddba535d6e9b9,ok,224,75,59
berbew,253cebb95c3fc102c9d2eb518bbae39c2226ea9a738778d292e9f590e4f2da29,ok,221,76,67
berbew,7b94abe0081c00861191367444711223f44aa49697a4ab60c51e9fad3b2d7e8e,ok,223,75,60
berbew,96a04244c0dc4d51570d30dca5735a483e452490bdef1537909eaecfd9df8bad,ok,226,72,57
berbew,5c5c7c240e27d57c27ebdc59a52921ea4fa2d04e7cf50ace559497a3322d4995,ok,223,67,57
berbew,d839fa66310d468d1aa039a5f526461b3269b2933af5d8e347713b88b65d2eab,ok,224,73,68
berbew,d2e5f2005e827ea3f7a20fff918f4ee49f3a4fa750b8c8e44970d4be93f3c1b9,ok,225,83,69
berbew,0e0534344356c1ae249483171aece8eeb7777ca2c323e6b220701550a9731114,ok,221,72,58
berbew,916e2706fabf8c1c5146acae716825d5e998d7ce68d0759275f9b3951737a382,ok,223,74,62
berbew,269777b733b9f58b9e8ee199b3de364394033b562f61f9b02d3d2967a4522c21,ok,223,83,61
berbew,8c824fb00f1d042ec0cb6ed5748be3558fc7186d48183160bc50ee03478909a9,ok,224,72,63
berbew,57112d8e8deb98ee7988e6375e41769410e2afa4b7c97edb42a34b6a6b2cabe6,ok,221,81,63
berbew,e0aea7f8e5095ae0c9ea563bfc1a2d1f9f5dda9546915bd3c1e0c53b54d93b67,ok,222,71,62
berbew,b711885ba9a070243aaec26b8da73633296905fbadade64f2b34e0af3aa3ff09,ok,224,72,62
berbew,fc93536fd62ceb0ddd535405efc3c3e63e9074ae7e123f0524afe89da5126199,ok,223,72,57
berbew,f3bbe499b2ed3de7a2389c925b484f8d999afbdc00a47085a1f9d91f4e50abd9,ok,226,74,58
berbew,d80231122da339080d83990f1ca074a16fab25fc9ea46e775e6dc900b9f1a217,ok,225,78,58
berbew,2970adcebefaad5be6ab8656a6d6e89454c7ad624c9ae42f3d2b13c3ce50192c,ok,225,71,59
berbew,fccfe1a856f4e41df74798b4e50c4c2ae2f3adb32f914e87050118d16bb719c2,ok,225,76,58
berbew,43e59df41ff55e0b5ce40ef626c58b9ebca1eba983e4d2ca41891c0cde046d00,ok,227,100,62
berbew,ecb2b8493578de15f9519f48e86273caa9645e83d61449418500ccb382df8102,ok,225,72,57
berbew,c3ecaf62b025c562aeabb5e9fec3fa52ad1a9ec1a6c341e3dafe6f981ae3aa1f,ok,225,75,64
berbew,d4b198f014e623ec7e32f2af30afec3e5bced35f3b5231b6add151fde6ce76cb,ok,223,73,59
berbew,14d279cf84c64a080317b66558adc19ab25de69d22584c9267881909cd827449,ok,222,72,58
berbew,3dffc2cabd0f70ee3ba25a64f11e1b1a4845319cf0ffd846a930f17f7abd04bd,ok,222,73,57
berbew,1e07b6577e06272339dc0abd212e194c1dcc68c725c3008b1b811089c5043df1,ok,228,78,59
berbew,e1f2a3d76d0a1fe1c35d176de91e9b7ed555832a1e709849d3a26515cd6e4074,ok,227,79,69
berbew,36f02f7f3ed9522b243288260abda59e7823d1266589312c270f526f3ad2adf0,ok,224,74,60
berbew,2c4be9b5be2712702c395d35b88ea85eebd544eccb142d96af34fa33125ae602,ok,223,76,66
berbew,19aae2a5e3fd224c552c2f6a30223bdfc3cd914a0620f558500d862c421b4d74,ok,224,73,57
berbew,8c75d615da5a580292ec6bf14310c654d4fbfc01d0b98d5729307c5522c99ead,ok,222,77,62
berbew,ea20c9f47e00720b65e73ad87835d374b8d38cc489d032137460bdb9d5ad364b,ok,223,88,70
berbew,addb903a5cdc8b17014ad222bcdc1e62a9e9784222c477225122f1c0d966b8e2,ok,223,79,68
berbew,e514d7cdb896e7ee97f8310541832c2091e3ec3d927c916b1fdfa5454e5e075c,ok,223,80,61
berbew,0d1fce7a3d873a770c57b5a27ccc47adbda08683fa333e3298f6caaef302b6e8,ok,222,70,56
berbew,a59bdc5443bdcbcf72e87019d8af00075f4dfa00115710d01d1b0d5ec55fc9f7,ok,222,75,74
berbew,0417046be3a08c5f9e7bc6db87ec3bd7593a9ea4523d2edb3ef542c76cc7d448,ok,225,76,66
berbew,56382a07d92e56ee04d6b03b686603901cd1eb06d69f0e481d1a63cec3ba8fce,ok,224,77,63
berbew,74db1dbc8ffd0ba150291ff5fb06090d1a9914f86221986338e701a03796a9a3,ok,222,73,62
berbew,aed69e53d36c0b3e02d110110ec4343b85044410fdc494c371df3e5d651e5771,ok,225,74,70
berbew,ee576432b2a001d963788d04fcaa062866a6efd5c0d177cdeb65f4d6f88874a1,ok,224,74,62
berbew,ba3f6dc0f0b31ea4794ebb84eccca2d499772ad55f702f8deb547600e0e30a60,ok,224,77,66
berbew,80cb8bfe24cba5d53bf6f98807b0436fd84ce931e3f83c0930633f6b1d321f45,ok,222,77,69
berbew,f184dfabf1e52ab04d3e14e4aeffca61bde5ff3975a75624856ec6c524770fd2,ok,222,76,62
berbew,faa23c1ee5b20d2cd6b64c7cac7cfe8a436035bcaf54c00c9e25502500b32a48,ok,225,76,64
berbew,64845c9c43da2e93c166d366c3a77dc8c670dc0a3704baaa37f7f7963ba82a42,ok,225,76,65
berbew,5bdc3bc3128d1f2aab29c6505252f4962da1f3b0a0bdee210425ad047baf9143,ok,227,75,63
berbew,10148bf0e289b04afba1b91c96e3c921bc1b95ec99ee46410d605aa60694db49,ok,224,81,69
berbew,a5835186d180e177ded338733cecf2f6c3d63342490ca7869c5bcd6e20955a7e,ok,225,76,62
berbew,d03e4e378c4e0ff2e2830cfcb956881123d1dd8734031ec7e7de7a98bcb347e4,ok,220,87,69
berbew,7c82fe001684b4ab1b6f60e86c861e31cc10d2ff2435a42c70354d6d4db65bf0,ok,222,80,70
berbew,0fe86684625cc4e89392252fd81438395c27732f5c799779966d78fa06ae10e7,ok,225,79,63
berbew,c07fe7f4d6790f1e4fa2580e0f779d2d344f6268632bd4131b662de04312db2b,ok,225,103,78
berbew,c13acbb349483dd9ae57a7262f974fd0611a863ebb17226bfd10299c5e0e1508,ok,221,75,58
berbew,0d1b79df6441edeaff7f168b5f73009c2f3aa428edc3b6221d3e667246e4f1ae,ok,222,73,65
berbew,8c4eab9a79b1d3b68bbf87936431813dba5a13b2539238000e3f5e0388b3c52d,ok,223,76,56
berbew,0cf2dad4c87452d6953d989062a4a2da35463ec653e95776c3640f1d844c13e9,ok,222,73,55
berbew,d72e884b952f84bb39cfc2dce9ff6307c50c8e29ccfb6ec9899d57cb1ace7c19,ok,223,74,57
berbew,e00aa4f0b9e16bd4ba7a632ae8cceb61fee562f38b4341e94efcb02f8974f7ab,ok,222,73,57
berbew,69c942d670a20067db24dd64e71f7daeac8d8e597b1d61d3cfc71d5ab1099008,ok,227,81,58
berbew,fedccd9f004282072b99255906debfdb2f7d7eb6e0e7f85703168460e5619e98,ok,225,74,57
berbew,70185d22aaf767974a58db0d610908c2b8a8661e313d3a180acf49af8c319eb0,ok,225,73,59
berbew,9ac7de9fa73baf30f49e47691c779f6ba7077ee40e2308cb4111bbb4d2fac446,ok,228,74,62
berbew,ab3fa819210d1a84770ff7ecf73598fcee2585ec1aa2eb2052b92f67bf07c08b,ok,222,72,57
berbew,89a6b355f930abb3c0dd2a87d9d00659acd633d764c427d161ad126729ba3c8e,ok,223,77,57
berbew,ca4e2a187d6ba7bef715f3a9c8a9881cff2bced9c96e25aa25dfdaafd2a09c71,ok,223,77,56
berbew,5d23b16fb5020eca13224d1c768644a2890489cd1604ff2628f92c0a4e109408,ok,225,73,56
berbew,912e8fc9e21b57d90a23ff295b45bb237524f6a68b89016a5bb6022566ef4694,ok,223,75,56
berbew,5f29f9344d49a08693ee3ba9487aacbd639bba3401d2ba2a489fae06188e3d2b,ok,223,74,58
berbew,3a45a27299a608f0c4a9f61d1484b4b5f8a92e6ddce0289858b194c6a77ed879,ok,223,71,58
berbew,eed87448a4caa1c506cf7526499c3fa4c58d47c563aa4f7c6789833deb2aff9d,ok,223,73,58
berbew,06094b403c0131e1954131734488e5c14e92c9e8b74cde7aedb4abd46a11baf1,ok,222,74,58
berbew,59ec9b99030ea3f55c2f0089e8065c1d270eae39d93c1305b724ea0401dc924d,ok,223,80,59
berbew,a8d196c51c4961d45b3ebc3ba7a32054ad0ec59f3f81790e4a537873fb8d4501,ok,225,76,58
berbew,f9da26eaaabd42f4dadc0298b1e8b3efaa737a90f9e9154344cf635512337204,ok,224,68,57
berbew,4f23b8954892e938327a755eee4179dc30317f15343fa68b965b33531354f4ff,ok,228,80,59
berbew,208069695070f03fe2dfb81c6d3f794cd37e81cbcab36e38fb5678fa99deb40b,ok,221,72,57
berbew,28c483d1a28aecd9f785fc5f74042a27e4c27f97fa2a1109a5671a02d27b3a80,ok,221,67,57
berbew,4ffe8a5472bfaef99d9d67dca5b6710058689c7dd9facf4c0a382263fa29b34f,ok,222,67,63
berbew,0030eba0afa77ea8bcc69d88fef59b1669504139780afcb86ec44ec21341568a,ok,223,72,56
berbew,758b3b8dd07063ad137c374abca4b5c9501364ad0ecc7958bc0c3968e0019813,ok,225,72,54
berbew,f52561f87032bc0de3a5a1f005e26682d1af83c3bf802b67587d37fe518f3938,ok,221,76,57
berbew,696f47888aad1242ac423fede0683351e06308f5cd3d43334915d11c6364aeef,ok,225,71,56
berbew,16bc86b2b4c7714939acd9a825dd8981f8bb1f031f4e2d3ca0d42d927a5f3411,ok,224,74,57
berbew,d6602bd16c871013dada2ef29a372e9b4cefe9a23bbcb1206969ce8a97c1c909,ok,224,72,56
berbew,ad9f81ae42650d4fa474648921b934421cf3c0e71d5606d44fb0961f5ad3f09c,ok,224,74,61
berbew,31585340e00232db1360a84910712f0fc077bacfd549a2a17f6a8cfc1b2002d7,ok,224,77,59
berbew,f9d7575b4c161dac37a30afc9e10a3b5ccc3e9040acea23caa0b5cb921fd6f26,ok,225,77,64
dacic,00572c76c29eb5c5bb329f1793ee806d2418a48013ed111f3e129df6514b4768,ok,1215,1371,159
dacic,09c8dc4d5e6b4db57ad2b51e06371b4602a2c111ad246d306597e62626774d9b,ok,1237,1091,141
dacic,0a78372be2b5ab85e1d96724f0efdb2bd32068f706cbfc24e9686e3e5eb153d7,ok,1091,1198,131
dacic,0b8b5b72d071272dbb0dcdbcc700cb18d2329bb068235f62966f091cfca9cf5e,ok,998,1181,139
dacic,0b9e0e83acee7ab498b242a8dce58735b02700ab373be071703a45c6316ee373,ok,1011,1277,238
dacic,0bce4456cd90916a93216ae49792af6fc2f0600ee1d80575b5c173c78c44efef,ok,1177,1421,137
dacic,0c3fce62334aedd09a19b36f3b63a4cca505771f8aec9d8cadfc7c03951c379f,ok,999,1179,128
dacic,0d945616110f54065b95a62dbac52fb40fff8ee26551823bd13bb7b0ea92d1a6,ok,1036,1113,146
dacic,0e00e8157db7cc8931cf06576c7f3b8b6996d6354db317700743afdf2f8614f2,ok,1209,1164,138
dacic,11e57bae7aec9f5a36591bec5dc807a40a894f87440374a8fbe932aa89e76672,ok,1215,1129,150
dacic,17d776972be1a94d16d6077b9c6e6510a3c79b864406646eddce9024b401734a,ok,1048,1131,144
dacic,1938464d49f08ecafb8a440c9258efa43b76fd3fe5e861e30286e4b656a1954c,ok,531,10123,75
dacic,1aaccb0fb9bdb09c7ed85ff7c64e97d3687221fd3c5b7e94818ebfefd648c372,ok,1182,1119,147
dacic,2296a099200f95622eb1e72db3ebfa702696d213313b1ffd6361451352b9fed2,ok,1246,1146,229
dacic,247bcc205dd8529410b60fa825ff029deacf25bf9f93f55a131bdda470dbd4e3,ok,1213,1148,137
dacic,25bee31eda4859c5264cc757168bf142c4ca6fbda261a674f1b787f3d8dfa9ac,ok,64259,25223,5136
dacic,26dc0b5d0a036bc6a13e4051f3d9f0a4dd396a12d5219efbbc239ee397470582,ok,1210,1128,525
dacic,26ef7d8514bc10aa679a5990102d26ead172eace34db9c8d0c743745a5aa07e1,ok,1207,1219,136
dacic,28bd947b72e6d87ff49f9fb5498e907a33d8db92ca50c07ae2f90b1480f9427d,ok,1030,1113,119
dacic,2a1dcd9269c03dc2b0c71d2383decdf8f3cfb7ad82ca0b8745e1c7e01322f60d,ok,1238,1150,162
dacic,2e9779717b5e65c796049ff6d2ed6db84e4872499536e854b8d0661be31f6ea1,crash,0,0,0
dacic,30464e3a6341ab562b287697b6210282b1408f2fb24c742e241e78fe592ef0b4,crash,0,0,0
dacic,32dae8e1186ad86ba93b63f5abfddda1de347c5eb3bc7b90b50176e64161e29b,crash,0,0,0
dacic,3377fedc80565206bfbada25601781baec5bbcd71f666f425d572de7495bea58,crash,0,0,0
dacic,338ce8ce57deeb62e1164f8772c781d13629696bae8b55e6f5639fda0e393770,crash,0,0,0
dacic,34e78f36a98dc9f1099dee38e7c9611dde7764e045b27949243b46b8084b6241,crash,0,0,0
dacic,351827392674c7f8f06f0c10bbc9d89418d70b67aba8290db4206f7c084fba96,crash,0,0,0
dacic,37477e72d9e04e3c83d9ee2c82a08e203f93049e4be824d9243148817035aac7,crash,0,0,0
dacic,3950751a9399c4f6ff50c86d7d6a8cd2627d11eba173d450ce966533f8ab8637,crash,0,0,0
dacic,3bc59edd65398021e2e50c9d93be886f1a666490e793301a2442ed79591b1c22,crash,0,0,0
dacic,4135d17fff53496c91c68c5a225b5554551ec52f7f95f497c5f4f3e814ee7a5a,crash,0,0,0
dacic,4388915e6acd4018cd026022905ab36a19d4a843cc394b0b806436c00c136131,crash,0,0,0
dacic,449332bd51e3631a2658b2146c3db895ebb84b07d97dd0f7ca43df572a160663,crash,0,0,0
dacic,4838c5ba6ccb7600ce2dc821323b9a7a0bc71b7ec39f9d1d267275370400580f,crash,0,0,0
dacic,4ca3db2d6f45f610132a95c45977b0099aa51d269f5c7561f61edc944d03fdbe,crash,0,0,0
dacic,4f49a92df988a28bf93d0553434e61fe6ecbee578077cdebfd42217208943a8f,crash,0,0,0
dacic,50ba95dfcbc98f5308ec4a8498b2cc9ed0446c925c1d2048b26d6d10b40fcd49,crash,0,0,0
dacic,51aae3785f7a0e11072601f05c6d193b176d147057217c2bd1b0be15ad26bd11,crash,0,0,0
dacic,53b244a387e902ff0bcc788c8f60f5f9d1bb9d58d2f79c250b521e6589ae2a72,crash,0,0,0
dacic,54cb81843eab0e282267018c01d854a8d447332647286cd4d0ea5adb08b8642c,crash,0,0,0
dacic,5667eb62dc7625a93993e2739ebe66a9df0b48fde5f64b714dd7cf873f7a2c57,crash,0,0,0
dacic,576db03ee1d019780613b28d4e0b38d34c8ded44c3261b7ccd6d2df800f30bac,crash,0,0,0
dacic,6240e62c55e4a57c978f19383d4c606c4fb6c84664dfacd2a790cfc8042f629a,crash,0,0,0
dacic,625531bdd6f24b002a100007dfc3e65e45eda6aad388e02690a7fff8b17f856f,crash,0,0,0
dacic,63e12a12f0d687a4911b326daaa53f8993c41a736d8e2acfecd79385ff0f503e,crash,0,0,0
dacic,645d0fa1c48688d3418cb5089e9061b7e835d9d6fb998cff3ff2be0efd865a97,crash,0,0,0
dacic,6a4e4247807e5d51f81d6c24548e774c80e28a14c2b5adfc0fe3caafbfef85db,crash,0,0,0
dacic,6bd38c13596f51d77e5bbd5b23baee4712dcb2ccac16be0935def0c139b1f782,crash,0,0,0
dacic,6d9635d43fde48b1086d5bdbc4362e3f261156e29352f16b77bc1f5e1e6f9b0c,crash,0,0,0
dacic,6de497ac28b09468e771ed5dd9249c9d15108f20d00699815d4cc4ca957523e5,crash,0,0,0
dacic,7a48b5018a4f2421d7e6cec6f527fca2c83e5448d89353f76e8929276064288d,crash,0,0,0
dacic,7e21571894a7636f52acbf9ed01dd00615b5ca7ba7f6777a9456c6ca02a021e0,crash,0,0,0
dacic,7e859df2e687a2f52c017d91bfaaa587c21741bdbc7d3ebd4e10b3021b6aaa06,crash,0,0,0
dacic,7f5505ce48d6fc31153e4597b4d25cf1dea7f47cbd01f0baf471156a98c07a0f,crash,0,0,0
dacic,8191ee3621f2813c94525f896a56d38d51364791a742820f5be44fe45e308201,crash,0,0,0
dacic,848f7bff9a36ed98dea7bb5c1a76dcb9f36b696192c15964b876281e4f9a42d2,crash,0,0,0
dacic,84d9e6c1b43bde466af3f992ad209c73346de750f1d929082d80a174891869c1,crash,0,0,0
dacic,86723bf16f49ab939b31d3b1a86be8f12313d73f6228776d9dd6f66f5aa9d02e,crash,0,0,0
dacic,8772fc8b1840eec6da7c98b8f192cd2ce251e803b00d61070f8e93852c95596d,crash,0,0,0
dacic,8898bea6b5eee87fdcd6c73cc551df02d35ad66ffa87e3d3656cc40ebbb289d5,crash,0,0,0
dacic,8e09f7598d2092ce134e3dced9a53fc8a76304b7f9bc425f2482338e894ec9c4,crash,0,0,0
dacic,8e750c5c1c22b36c4de2372f74c221629718b088ba0ca5af4202566ed45d7058,crash,0,0,0
dacic,8eeb9e94bda4d3530b0444c7e9ea58f98ea20ca97e8c1d9a7402c2c78eed5127,crash,0,0,0
dacic,8fbca7923cb48431574fad00efbfc417329ce9c54a93718fb276f7dd3e126d6a,crash,0,0,0
dacic,93df7bd5db910152fdfc641d2122ad73ef500394889389bbc36b545a73c77195,crash,0,0,0
dacic,965631d51583fdbc01be23fd1dea86ed5f88f0e22123cac2b278482170e22751,crash,0,0,0
dacic,9cefa122dc924acd29ffee121d7125ec8db1fbb2fb6912c9dd9816a31d552be1,crash,0,0,0
dacic,a0d902c6fa9c72ca29994af690b6ce4e54c0867d1f165f4d1f95e7151ba629d0,crash,0,0,0
dacic,a455338ca4abb34cdbfaf39be97ff1e8d87e69ad74496a2f3c6816a25c372cd2,crash,0,0,0
dacic,a475e35480cf64419bf279e0fe32add45b189e64c0de4efe2af121b6bd25be9a,crash,0,0,0
dacic,a61c8c840161d95af5fe65da0759f871e76b23522befb545d4533f2b6a671d7e,crash,0,0,0
dacic,a62280e2e71c8a41bb327a84855c77743fec95158044cb4dbd2cef207f391386,crash,0,0,0
dacic,a640111f9f7f966c5140bdb6d82cf1d17005b1daa471f145e2ac0dcaeab5cfdd,crash,0,0,0
dacic,b1bf29398c64c51abb2b27ce8a7b7be2660dd3e618b20cabd0a87ae4f65522e5,crash,0,0,0
dacic,b5d34ff4fab3c92a6bced343ffa110ccb4b539f6eafdf6cf5f3fcd8bd481a03a,crash,0,0,0
dacic,b6ba4dc743796e3579ed504095d83e97dc398c5e874c4ed873ddd17e5cb6f2c3,crash,0,0,0
dacic,b82d6bf8fdad64ffcb5476914c2f6cdbdb0a28da6d0b16aaea91f8779fd3d68c,crash,0,0,0
dacic,bac2e84f45357e8e6951196611f53d85fc6dbed3e4a4230f66dc061a8f1a9c5f,crash,0,0,0
dacic,bad08f068f6f86162cdb571636edbb9cb2757e492d61ebb46c3e81b26b496c11,crash,0,0,0
dacic,c89c0c353fa879cdc5153b0f50a489f8c8c3ab16f4e6314b453389ad3f9fd160,crash,0,0,0
dacic,ce89ed6a78fb2b028cedb4d8f27c766231fb63e4e0aea4ae771c62fe0009d101,crash,0,0,0
dacic,ceab78990ea58ce97c15dcc70835a19334162b396fb28361aa6278dbeba9e30b,crash,0,0,0
dacic,cee4f359e14c61e79ea3a38fa8985b5e41a655672094ac04990944bb2022c7fe,crash,0,0,0
dacic,d48d6d1b5443ca125ecb9d693d2cddcd933757e5b96cd2c163547f50397f0ab3,crash,0,0,0
dacic,d7be4b5572be1156934ec5405a07669e699c1c63e94302f73e7ac273ea62639e,crash,0,0,0
dacic,defa1e5a4b73867527308051567dc6ec58ab0515814fe6ad9a72436149767479,crash,0,0,0
dacic,e418089a72ef6cd4dafb2b7aaa253d23bcac26e908becffb32324dc3cbd2f858,crash,0,0,0
dacic,ea8ba5e3681fce9182139822df02eb072f3282efea4c8069f7a09752d9c42734,crash,0,0,0
dacic,ed947bcdfd68e8defec90b566666abda203065d607965773c54795b57383e6c7,crash,0,0,0
dacic,f09b8d1e887ec1d21c5e4e8370a08b482de9b4a6d8e49e50432976ceac0cf6aa,crash,0,0,0
dacic,f47fe978efea0e1fda1529b359277d802daaba1049e64cc0a140bbef6bd0fb7b,crash,0,0,0
dacic,f91e52f4f44539dc7227e438003285996a0d056e6ecbfcbeafad80ec5daaba3a,crash,0,0,0
dacic,feba9dbd91e40491ff6ff84c1268514555b80ad62a675e3ac7e63777e04470fb,crash,0,0,0
dacic,31ea356f3b694f62fec8add489c3b3347fe9d69d0f6a5eeec733fb5819665f7c,crash,0,0,0
dacic,631efd523a9a0ce8f58a83bd555dc4757b93ea9e14c69f7fa4eb424f46d698ce,crash,0,0,0
dacic,7547ee2f6f60b388269f0a632455e335c637a5e04aac34d3c8051ee9746b0580,crash,0,0,0
dacic,af77a2735ded2990162d95726fe71a16935809d90281fc37de5c230ffb688a2f,crash,0,0,0
dacic,e25490e7846e48655bf0339f7713568f40a9f21cf5a97ebdbfc4103d131f1421,crash,0,0,0
dacic,4ae6b88f37a758e1f98f008d551ae0dc19692a34f45bef8dba0e10ef77eae819,crash,0,0,0
dacic,6819d6a1c0a41d4ab593335f088e726b5e1187af934a307a7a4db8f1b0d44504,crash,0,0,0
dacic,2e9779717b5e65c796049ff6d2ed6db84e4872499536e854b8d0661be31f6ea1,ok,966,2599,174
dacic,30464e3a6341ab562b287697b6210282b1408f2fb24c742e241e78fe592ef0b4,ok,1008,1350,120
dacic,32dae8e1186ad86ba93b63f5abfddda1de347c5eb3bc7b90b50176e64161e29b,ok,1011,1124,121
dacic,3377fedc80565206bfbada25601781baec5bbcd71f666f425d572de7495bea58,ok,231,88,53
dacic,338ce8ce57deeb62e1164f8772c781d13629696bae8b55e6f5639fda0e393770,ok,1219,1066,147
dacic,34e78f36a98dc9f1099dee38e7c9611dde7764e045b27949243b46b8084b6241,ok,996,1042,111
dacic,351827392674c7f8f06f0c10bbc9d89418d70b67aba8290db4206f7c084fba96,ok,1207,1000,117
dacic,37477e72d9e04e3c83d9ee2c82a08e203f93049e4be824d9243148817035aac7,ok,1137,1062,115
dacic,3950751a9399c4f6ff50c86d7d6a8cd2627d11eba173d450ce966533f8ab8637,ok,1276,1100,120
dacic,3bc59edd65398021e2e50c9d93be886f1a666490e793301a2442ed79591b1c22,ok,1168,1091,107
dacic,4135d17fff53496c91c68c5a225b5554551ec52f7f95f497c5f4f3e814ee7a5a,ok,1221,1025,140
dacic,4388915e6acd4018cd026022905ab36a19d4a843cc394b0b806436c00c136131,ok,1026,1123,112
dacic,449332bd51e3631a2658b2146c3db895ebb84b07d97dd0f7ca43df572a160663,ok,1176,1037,123
dacic,4838c5ba6ccb7600ce2dc821323b9a7a0bc71b7ec39f9d1d267275370400580f,ok,1235,985,137
dacic,4ca3db2d6f45f610132a95c45977b0099aa51d269f5c7561f61edc944d03fdbe,ok,1009,966,125
dacic,4f49a92df988a28bf93d0553434e61fe6ecbee578077cdebfd42217208943a8f,ok,1006,950,138
dacic,50ba95dfcbc98f5308ec4a8498b2cc9ed0446c925c1d2048b26d6d10b40fcd49,ok,1211,1134,129
dacic,51aae3785f7a0e11072601f05c6d193b176d147057217c2bd1b0be15ad26bd11,ok,1051,964,103
dacic,53b244a387e902ff0bcc788c8f60f5f9d1bb9d58d2f79c250b521e6589ae2a72,ok,1046,976,109
dacic,54cb81843eab0e282267018c01d854a8d447332647286cd4d0ea5adb08b8642c,ok,2647,361,255
dacic,5667eb62dc7625a93993e2739ebe66a9df0b48fde5f64b714dd7cf873f7a2c57,ok,1202,987,112
dacic,576db03ee1d019780613b28d4e0b38d34c8ded44c3261b7ccd6d2df800f30bac,ok,1184,1001,118
dacic,6240e62c55e4a57c978f19383d4c606c4fb6c84664dfacd2a790cfc8042f629a,ok,986,961,101
dacic,625531bdd6f24b002a100007dfc3e65e45eda6aad388e02690a7fff8b17f856f,ok,967,943,102
dacic,63e12a12f0d687a4911b326daaa53f8993c41a736d8e2acfecd79385ff0f503e,ok,1205,996,148
dacic,645d0fa1c48688d3418cb5089e9061b7e835d9d6fb998cff3ff2be0efd865a97,ok,1201,969,134
dacic,6a4e4247807e5d51f81d6c24548e774c80e28a14c2b5adfc0fe3caafbfef85db,ok,1196,973,137
dacic,6bd38c13596f51d77e5bbd5b23baee4712dcb2ccac16be0935def0c139b1f782,ok,1230,980,121
dacic,6d9635d43fde48b1086d5bdbc4362e3f261156e29352f16b77bc1f5e1e6f9b0c,ok,1036,970,108
dacic,6de497ac28b09468e771ed5dd9249c9d15108f20d00699815d4cc4ca957523e5,ok,1208,1113,149
dacic,7a48b5018a4f2421d7e6cec6f527fca2c83e5448d89353f76e8929276064288d,ok,1072,1040,147
dacic,7e21571894a7636f52acbf9ed01dd00615b5ca7ba7f6777a9456c6ca02a021e0,ok,1006,1076,124
dacic,7e859df2e687a2f52c017d91bfaaa587c21741bdbc7d3ebd4e10b3021b6aaa06,ok,1182,1052,117
dacic,7f5505ce48d6fc31153e4597b4d25cf1dea7f47cbd01f0baf471156a98c07a0f,ok,994,994,98
dacic,8191ee3621f2813c94525f896a56d38d51364791a742820f5be44fe45e308201,ok,1053,1166,123
dacic,848f7bff9a36ed98dea7bb5c1a76dcb9f36b696192c15964b876281e4f9a42d2,ok,1178,1006,124
dacic,84d9e6c1b43bde466af3f992ad209c73346de750f1d929082d80a174891869c1,ok,1003,989,110
dacic,86723bf16f49ab939b31d3b1a86be8f12313d73f6228776d9dd6f66f5aa9d02e,ok,1059,941,117
dacic,8772fc8b1840eec6da7c98b8f192cd2ce251e803b00d61070f8e93852c95596d,ok,1048,942,114
dacic,8898bea6b5eee87fdcd6c73cc551df02d35ad66ffa87e3d3656cc40ebbb289d5,ok,1032,979,112
dacic,8e09f7598d2092ce134e3dced9a53fc8a76304b7f9bc425f2482338e894ec9c4,ok,1245,991,122
dacic,8e750c5c1c22b36c4de2372f74c221629718b088ba0ca5af4202566ed45d7058,ok,536,10110,65
dacic,8eeb9e94bda4d3530b0444c7e9ea58f98ea20ca97e8c1d9a7402c2c78eed5127,ok,1011,969,132
dacic,8fbca7923cb48431574fad00efbfc417329ce9c54a93718fb276f7dd3e126d6a,ok,1136,994,118
dacic,93df7bd5db910152fdfc641d2122ad73ef500394889389bbc36b545a73c77195,ok,528,10124,71
dacic,965631d51583fdbc01be23fd1dea86ed5f88f0e22123cac2b278482170e22751,ok,528,5114,70
dacic,9cefa122dc924acd29ffee121d7125ec8db1fbb2fb6912c9dd9816a31d552be1,ok,1075,2074,172
dacic,a0d902c6fa9c72ca29994af690b6ce4e54c0867d1f165f4d1f95e7151ba629d0,ok,1032,1087,135
dacic,a455338ca4abb34cdbfaf39be97ff1e8d87e69ad74496a2f3c6816a25c372cd2,ok,993,1016,111
dacic,a475e35480cf64419bf279e0fe32add45b189e64c0de4efe2af121b6bd25be9a,ok,1033,1016,126
dacic,a61c8c840161d95af5fe65da0759f871e76b23522befb545d4533f2b6a671d7e,ok,1252,1053,132
dacic,a62280e2e71c8a41bb327a84855c77743fec95158044cb4dbd2cef207f391386,ok,1313,1019,128
dacic,a640111f9f7f966c5140bdb6d82cf1d17005b1daa471f145e2ac0dcaeab5cfdd,ok,995,1032,114
dacic,b1bf29398c64c51abb2b27ce8a7b7be2660dd3e618b20cabd0a87ae4f65522e5,ok,532,10113,82
dacic,b5d34ff4fab3c92a6bced343ffa110ccb4b539f6eafdf6cf5f3fcd8bd481a03a,ok,1038,1096,146
dacic,b6ba4dc743796e3579ed504095d83e97dc398c5e874c4ed873ddd17e5cb6f2c3,ok,2959,463,332
dacic,b82d6bf8fdad64ffcb5476914c2f6cdbdb0a28da6d0b16aaea91f8779fd3d68c,ok,527,10093,68
dacic,bac2e84f45357e8e6951196611f53d85fc6dbed3e4a4230f66dc061a8f1a9c5f,ok,1075,978,123
dacic,bad08f068f6f86162cdb571636edbb9cb2757e492d61ebb46c3e81b26b496c11,ok,532,5103,70
dacic,c89c0c353fa879cdc5153b0f50a489f8c8c3ab16f4e6314b453389ad3f9fd160,ok,1054,983,107
dacic,ce89ed6a78fb2b028cedb4d8f27c766231fb63e4e0aea4ae771c62fe0009d101,ok,1008,1010,128
dacic,ceab78990ea58ce97c15dcc70835a19334162b396fb28361aa6278dbeba9e30b,ok,1100,1012,112
dacic,cee4f359e14c61e79ea3a38fa8985b5e41a655672094ac04990944bb2022c7fe,ok,1049,979,117
dacic,d48d6d1b5443ca125ecb9d693d2cddcd933757e5b96cd2c163547f50397f0ab3,ok,1028,971,103
dacic,d7be4b5572be1156934ec5405a07669e699c1c63e94302f73e7ac273ea62639e,ok,1248,997,146
dacic,defa1e5a4b73867527308051567dc6ec58ab0515814fe6ad9a72436149767479,ok,1030,962,127
dacic,e418089a72ef6cd4dafb2b7aaa253d23bcac26e908becffb32324dc3cbd2f858,ok,1004,993,115
dacic,ea8ba5e3681fce9182139822df02eb072f3282efea4c8069f7a09752d9c42734,ok,1005,979,126
dacic,ed947bcdfd68e8defec90b566666abda203065d607965773c54795b57383e6c7,ok,342,76,58
dacic,f09b8d1e887ec1d21c5e4e8370a08b482de9b4a6d8e49e50432976ceac0cf6aa,ok,1181,994,121
dacic,f47fe978efea0e1fda1529b359277d802daaba1049e64cc0a140bbef6bd0fb7b,ok,1214,1028,105
dacic,f91e52f4f44539dc7227e438003285996a0d056e6ecbfcbeafad80ec5daaba3a,ok,1204,982,119
dacic,feba9dbd91e40491ff6ff84c1268514555b80ad62a675e3ac7e63777e04470fb,ok,996,986,99
dacic,31ea356f3b694f62fec8add489c3b3347fe9d69d0f6a5eeec733fb5819665f7c,ok,1052,1015,113
dacic,631efd523a9a0ce8f58a83bd555dc4757b93ea9e14c69f7fa4eb424f46d698ce,ok,1038,986,121
dacic,7547ee2f6f60b388269f0a632455e335c637a5e04aac34d3c8051ee9746b0580,ok,535,10099,69
dacic,af77a2735ded2990162d95726fe71a16935809d90281fc37de5c230ffb688a2f,ok,1092,986,110
dacic,e25490e7846e48655bf0339f7713568f40a9f21cf5a97ebdbfc4103d131f1421,ok,32923,4458,2732
dacic,4ae6b88f37a758e1f98f008d551ae0dc19692a34f45bef8dba0e10ef77eae819,ok,1000,1573,240
dacic,6819d6a1c0a41d4ab593335f088e726b5e1187af934a307a7a4db8f1b0d44504,ok,994,2762,356
