sample_id,family,l1_total,l1_success,l1_brr,handle_dep,env_diff,data_gap,true_failure,handle_dep_rate,env_diff_rate,data_gap_rate,true_failure_rate,projected_l1_brr
0113a0681674a5ce9fc9d80f924a196ffb7471f550fd79f2e49356b7e4e76cb5,agenttesla,764,619,81.02,2,0,0,143,0.26,0.0,0.0,18.72,81.28
03f51ffa9c987630724a451ad872f52bf97bd257ad06b58b6194f5dec29c8f13,agenttesla,4969,3590,72.25,23,0,0,1356,0.46,0.0,0.0,27.29,72.71
069c1a556943461282bfbf8411afc6213a359df9ce4894a80881e45a2ba9bc84,agenttesla,8470,5508,65.03,20,0,0,2942,0.24,0.0,0.0,34.73,65.27
0a50e4e96fe3948c570214cd5dcdf34b3a2625742eaf15ebdde41d0cd75dea61,agenttesla,4852,3609,74.38,16,0,0,1227,0.33,0.0,0.0,25.29,74.71
0b4d7a81cb8f89e34562cd756540d3dd62176c0fa829d7dba9db2c727b92aef0,agenttesla,5036,3619,71.86,22,0,0,1395,0.44,0.0,0.0,27.7,72.3
0f3ded82d31dc7e7692d4b70fa848ec00780412a2a94636ee7084bdfb1e0859a,agenttesla,2489,1549,62.23,21,0,0,919,0.84,0.0,0.0,36.92,63.08
104ef2e1223676a6d315da9de43b53286de58d5a390cb6d8c0ef391e7ee23a86,agenttesla,4712,3543,75.19,18,0,0,1151,0.38,0.0,0.0,24.43,75.57
109ef5c322e2f5b9624f14914d4e4db3cd2ee7883f9c718c913616eb69277091,agenttesla,5342,4409,82.53,17,0,0,916,0.32,0.0,0.0,17.15,82.85
11cbc233ef5187f59c9a0e314bb8a9ac4d0a1d4c54cee653b1feaa386fb27cd6,agenttesla,6008,3948,65.71,18,0,0,2042,0.3,0.0,0.0,33.99,66.01
12384caecb7a336ae37a29e642488b5cc45559c321dad21c4c8fa7868a2ce859,agenttesla,4860,3611,74.3,17,0,0,1232,0.35,0.0,0.0,25.35,74.65
14a69b15aa430be2251215742e97972393b529833bdf771c0a4ca67b63bd999a,agenttesla,6256,2417,38.63,26,0,0,3813,0.42,0.0,0.0,60.95,39.05
167aef05154cd6d6aee1e044770d579f5fe29433cf451bb1b7afb8054f214fd5,agenttesla,5449,4226,77.56,16,0,0,1207,0.29,0.0,0.0,22.15,77.85
18463a1b8830da861b3a7ce1926abf1c4cf77663b3b8722103a21dfa097f08e8,agenttesla,920,692,75.22,2,0,0,226,0.22,0.0,0.0,24.57,75.43
21afd28ee430548fc6e79700fee08f4c4a22e4d22fb12ad0bcc72f4df6f25540,agenttesla,4990,3388,67.9,18,0,0,1584,0.36,0.0,0.0,31.74,68.26
24c43375fb726dbf16803dd6289d64984d9de0ed10f6bcc84e3f67b8a52c6904,agenttesla,8820,4737,53.71,25,0,0,4058,0.28,0.0,0.0,46.01,53.99
251982ac02a87c546ef1872b1beae28856af968d01bc0783f1034cdd73bba752,agenttesla,3942,2422,61.44,18,0,0,1502,0.46,0.0,0.0,38.1,61.9
2c2dd8836392bcec5f9326faf7c7f222cd2e5ca5538e8f147122f7d405b489d8,agenttesla,2624,1477,56.29,23,0,0,1124,0.88,0.0,0.0,42.84,57.16
32abb7f0c67327f53e15d72bdcfe4697cfd27da618a0d81a00a81491372a8392,agenttesla,5588,4372,78.24,22,0,0,1194,0.39,0.0,0.0,21.37,78.63
34bfed7f2450542d851b696685ed0a43438683a54f1756a947119d7258a4adb1,agenttesla,4668,3355,71.87,18,0,0,1295,0.39,0.0,0.0,27.74,72.26
379ccf754b70aa15e6d95ce3ff7076eea655b6c833033c3a95e8c6108f3c0f59,agenttesla,8270,5715,69.11,17,0,0,2538,0.21,0.0,0.0,30.69,69.31
38a9f881eb28d8f75c2c21a9cb4de15e472866346c747c480e8e6ec485982067,agenttesla,4392,3063,69.74,16,0,0,1313,0.36,0.0,0.0,29.9,70.1
397046da411436841b9eee2f3edc21f72ba89f0165a29e1fef0cafa6755fcdb0,agenttesla,4984,3590,72.03,19,0,0,1375,0.38,0.0,0.0,27.59,72.41
3aba02f8b1e468adf8164eb3932c56bf1082cad0f3c94a9b315e51ced8526669,agenttesla,8653,6008,69.43,22,0,0,2623,0.25,0.0,0.0,30.31,69.69
3ac423ef931fe5fb91a9a24bb29536dafa1c9c6e75a496f80ede94ef7a7315c8,agenttesla,2516,1558,61.92,21,0,0,937,0.83,0.0,0.0,37.24,62.76
3bcc7e2a22fd283ad188e24bd4dd4cc6180f2fc907de59cc3c952b89507bfed0,agenttesla,2489,1545,62.07,23,0,0,921,0.92,0.0,0.0,37.0,63.0
43b5cfd70c439d116d7ec6381d664d5c8e7f89f84eb4186675db11bf830ebabb,agenttesla,4823,3619,75.04,18,0,0,1186,0.37,0.0,0.0,24.59,75.41
43ce74b24e828ba294f7247f66878e92d965555ffc05a06299e2e4938bae5ccc,agenttesla,37921,36522,96.31,21,0,0,1378,0.06,0.0,0.0,3.63,96.37
4764e72be01dff161ce0a248e78c76787c80e739267b687b922f0e422852b7ba,agenttesla,4433,3344,75.43,19,0,0,1070,0.43,0.0,0.0,24.14,75.86
4afc813a3653c61125093a1be3af978e112cdb889971d44810cb1b1b52a5dfb1,agenttesla,8130,5724,70.41,17,0,0,2389,0.21,0.0,0.0,29.38,70.62
4b9f0cd6e0662d7ae5100f518f3d82a1d0ead105247e12bd375c21680c59198c,agenttesla,2948,1711,58.04,19,0,0,1218,0.64,0.0,0.0,41.32,58.68
4dfe22e7fe8228f2c9111088b882a2dea5c4e80ee0b1596f7a3447b22a6cf5a2,agenttesla,3758,2158,57.42,43,0,0,1557,1.14,0.0,0.0,41.43,58.57
5165efed390a7710ab87e8256f51ec07dbc9b63e8cf55e104a9230530b813cb0,agenttesla,964,587,60.89,13,0,0,364,1.35,0.0,0.0,37.76,62.24
54b6c23d9bc5f44ceed5946ffc935a88488d30a848c75568b084b9c9287a3cb2,agenttesla,2307,1638,71.0,18,0,0,651,0.78,0.0,0.0,28.22,71.78
54ce67f0ea2eda189fca651201c48e9afab05908c681e02ad3238d3f29d19eba,agenttesla,4639,3326,71.7,17,0,0,1296,0.37,0.0,0.0,27.94,72.06
55e3c71c40618505b890607e53a5f800aa154a909f911359b765933a8f2c0eb1,agenttesla,2724,1580,58.0,22,0,0,1122,0.81,0.0,0.0,41.19,58.81
5adbcb5406936cc182300072b9306adda1eb3cf1aac9e87ad211515d19450bd9,agenttesla,4348,3274,75.3,18,0,0,1056,0.41,0.0,0.0,24.29,75.71
5c9e41c57fc02e8a6832d92888f838a455e75ce93c833f2b730376a11f0040e9,agenttesla,2687,1676,62.37,16,0,0,995,0.6,0.0,0.0,37.03,62.97
5db211cc922b9dd6d4b90f93dbd9a7cb0191ab8e02cd39fe058cd69ab4ff02c1,agenttesla,2309,1408,60.98,19,0,0,882,0.82,0.0,0.0,38.2,61.8
5fb31e60567d6a71966f7232cc9836835ad962bc588960a54c3f5a2f30f49de8,agenttesla,4419,3292,74.5,18,0,0,1109,0.41,0.0,0.0,25.1,74.9
6091bd7232ac362de5f7b1618a8e476b146a436b4dea2c188b9403405dd7cba8,agenttesla,3728,2164,58.05,21,0,0,1543,0.56,0.0,0.0,41.39,58.61
65370cfa1e08f458d53cb661cf02054d9324f155a7bbf6505b4da5c2f9492385,agenttesla,4718,3559,75.43,15,0,0,1144,0.32,0.0,0.0,24.25,75.75
65ad076012248dc504abe8812d6b4d2128a0aa7c3de0857a0c836e6e33497347,agenttesla,2449,1510,61.66,21,0,0,918,0.86,0.0,0.0,37.48,62.52
693c258cb5620f7e8714d4afc7215e2c7dc16872265148341db23b639906eecb,agenttesla,5357,4451,83.09,19,0,0,887,0.35,0.0,0.0,16.56,83.44
6d6a1f154c6ae1d70ede87fb06b8588807f50b33315fe4dbfbef9126b18f3bc2,agenttesla,2735,2076,75.9,12,0,0,647,0.44,0.0,0.0,23.66,76.34
6e4fa72cffa8c6cbfac487753758461e7c066e4390954ec1bd4fd26223111fdf,agenttesla,1432,746,52.09,15,0,0,671,1.05,0.0,0.0,46.86,53.14
72a6a1243fccacf3b1a16574f836c2025eff007b9b1e99da334928d836e94b6b,agenttesla,4428,3324,75.07,14,0,0,1090,0.32,0.0,0.0,24.62,75.38
746604779bf099b84b5a237bc6e777b10cd9ca0d02e49e136f4856debbb89d65,agenttesla,951,583,61.3,12,0,0,356,1.26,0.0,0.0,37.43,62.57
7acc949f4e01f5ee720f2821349e3a0dcf05a7ac15470a8d7f6ff9aef1d00d2e,agenttesla,5002,3577,71.51,22,0,0,1403,0.44,0.0,0.0,28.05,71.95
7d4d2a289195f4c5ea91de699999037acd8f969b9c562531234c3ff0faedcb2a,agenttesla,5148,3215,62.45,27,0,0,1906,0.52,0.0,0.0,37.02,62.98
8015d0f83bd5b01a372675e35de2a1f181a696b8a9ab337adc9a8e873115637b,agenttesla,2815,1743,61.92,20,0,0,1052,0.71,0.0,0.0,37.37,62.63
8235377c714eb9e58b2db6d39c4091d4b610296e8bfdfae466a8f286e655dabe,agenttesla,4761,3555,74.67,16,0,0,1190,0.34,0.0,0.0,24.99,75.01
83510fcd020aab684a9cf85eb78ab7a88573513871bab5dee2367efe09556f67,agenttesla,1179,817,69.3,2,0,0,360,0.17,0.0,0.0,30.53,69.47
83d3644a239ef9f0353c7387c55f76c1c5aa30eb1d261b5035aff03db365e9f8,agenttesla,926,569,61.45,9,0,0,348,0.97,0.0,0.0,37.58,62.42
84a93af9e18d782e353d1249988ce2fe42208f613fcd1f53287b327a693b9ef1,agenttesla,2470,1541,62.39,15,0,0,914,0.61,0.0,0.0,37.0,63.0
850ce005298ab95b563a50c0b95618d97bc4696e3fffddf12b06c25bf933bfb0,agenttesla,2514,1545,61.46,21,0,0,948,0.84,0.0,0.0,37.71,62.29
85b3c9f10a8f1e3aee3d393260f82c7dcf8d23dcd899117f0394f6a9f0fdc7fd,agenttesla,4774,3590,75.2,21,0,0,1163,0.44,0.0,0.0,24.36,75.64
88ac7d9f157d80cb2aec269591e6386fc57ddb114d129a439ff66a596baf7f7b,agenttesla,7725,5250,67.96,17,0,0,2458,0.22,0.0,0.0,31.82,68.18
88f9b8e7a6bed0659b87c3b48f41122f2c1dc4ffd276e88ff468c2b08513ee15,agenttesla,3534,2604,73.68,31,0,0,899,0.88,0.0,0.0,25.44,74.56
8c7fa17fbd493ee5c1c6cfc4fb662e20ff8f5e41c189808a5fc7d666ce625fe5,agenttesla,5037,3628,72.03,15,0,0,1394,0.3,0.0,0.0,27.68,72.32
942ef672b6f7e6f67a1d4de06e8c25bdb316a74c27ab4602d0ef01c33c9c5e36,agenttesla,4047,2924,72.25,21,0,0,1102,0.52,0.0,0.0,27.23,72.77
97289b7b81716c422ed44dc42d80db0ba56989bff3a879d31a28b935686475bf,agenttesla,4881,3694,75.68,22,0,0,1165,0.45,0.0,0.0,23.87,76.13
999b9220114d400040d6db03f6412a38fbd3f29139c314e95697aaa8ed5965f8,agenttesla,8373,4275,51.06,20,0,0,4078,0.24,0.0,0.0,48.7,51.3
9d514d80de58b161140df4a7f543b03a3b38fe3d7374f12849e1b186c219c487,agenttesla,3415,2132,62.43,21,0,0,1262,0.61,0.0,0.0,36.95,63.05
9edefc168186e3a7ea6785affc672f91cbe4f592d4b84c75435866f16eddc82b,agenttesla,6950,4584,65.96,22,0,0,2344,0.32,0.0,0.0,33.73,66.27
9fb2146b1a2b9c73f6be8e65f8bfd746ddc85c61cb5ac2523c25923a76265119,agenttesla,8447,4266,50.5,24,0,0,4157,0.28,0.0,0.0,49.21,50.79
a01885eaecb0c9f8f63f0cd8d935e374f339c0e42f392885ab765f2b78977a2b,agenttesla,7076,4720,66.7,21,0,0,2335,0.3,0.0,0.0,33.0,67.0
a2e1d3ac58e834c9a692b6d4637a1663e54fcef7c876ba31401ba1aa76d0df22,agenttesla,6184,4035,65.25,20,0,0,2129,0.32,0.0,0.0,34.43,65.57
a4d917b6696ddef08d0f4ea5a2dcaa8de85e639684a5f869e353c2c80315e2d7,agenttesla,8497,6019,70.84,20,0,0,2458,0.24,0.0,0.0,28.93,71.07
a50ff27364591ebbe3589623d88752369ff33f67df2994f70d79177144376cc5,agenttesla,6225,4084,65.61,19,0,0,2122,0.31,0.0,0.0,34.09,65.91
a65088ee464a48510aa0925bde2269a033a13f0622d751e4c72b8d7cd2ee1396,agenttesla,2461,1880,76.39,14,0,0,567,0.57,0.0,0.0,23.04,76.96
a9f736db3605228043d1d98f0a3e56d853336d25d06aec27b720c82dac015c57,agenttesla,4851,3636,74.95,17,0,0,1198,0.35,0.0,0.0,24.7,75.3
acc56d676d67ab62bebb9226f1689228a8c9bbd1a5855f6ce8dbdf8088c61ac3,agenttesla,6734,4334,64.36,34,0,0,2366,0.5,0.0,0.0,35.14,64.86
ae50c62b53bbc6a13083d2940285b2fa57ed71a53c3c28dbe867539d50a3bec4,agenttesla,5099,3376,66.21,21,0,0,1702,0.41,0.0,0.0,33.38,66.62
b41d062514aa18a0dd65876a48669545b06c1607a7fc8bb6c2e3f5f89146fad6,agenttesla,6205,2376,38.29,28,0,0,3801,0.45,0.0,0.0,61.26,38.74
b483fa2b04ee2305e50ec070450c43c4feef6d98a30f01aa1f003f11ffad2aa4,agenttesla,5355,3959,73.93,16,0,0,1380,0.3,0.0,0.0,25.77,74.23
b5145ccf5ded090001d3a5368ad32b5b4853f1b2153e55beae9ff0ba543e449e,agenttesla,4382,3064,69.92,17,0,0,1301,0.39,0.0,0.0,29.69,70.31
b5d3c7a0a47dcfc26d108e8ab87d79a33955bf53c66ceff7f60f309df2ce3353,agenttesla,2662,1686,63.34,18,0,0,958,0.68,0.0,0.0,35.99,64.01
b97a932fadd096c350b870e0a0d9865c0c3a0d28f236575509fb349e347c92b4,agenttesla,8273,5686,68.73,17,0,0,2570,0.21,0.0,0.0,31.06,68.94
bec11b766972a7bb42603a2e6f1452cc5a769779586b17120eaf4299db06fb00,agenttesla,2764,1719,62.19,19,0,0,1026,0.69,0.0,0.0,37.12,62.88
c4d61401b682f67da79981fbf0df579b7e34b94495c9a5c88b4038a2a1df7a5c,agenttesla,8571,5633,65.72,24,0,0,2914,0.28,0.0,0.0,34.0,66.0
c7b95632025177e42114517f2fd2d3f00dec812b6d394b3966a13a0ce831629d,agenttesla,30853,29530,95.71,23,0,0,1300,0.07,0.0,0.0,4.21,95.79
cb5d2b29667d5d10ef927ecbd99657a4790f86bcd60ca92b3fe2d9601dced902,agenttesla,6257,4097,65.48,23,0,0,2137,0.37,0.0,0.0,34.15,65.85
ce683b26018a84f023bcb4b52378b88f5fea654c50a42aa136ef47b67898fb40,agenttesla,3825,1695,44.31,19,0,0,2111,0.5,0.0,0.0,55.19,44.81
d975b68c91c59dddb7b6777f6f2f78300ddd9be5c51f483994ea26106839a017,agenttesla,2701,1561,57.79,20,0,0,1120,0.74,0.0,0.0,41.47,58.53
d9e6629d10acc5f2c14986434a8ecf599c025ea5250015cb15dea536f05b61e8,agenttesla,3510,2068,58.92,20,0,0,1422,0.57,0.0,0.0,40.51,59.49
dffd7160962de91f0859e87eba3e6d2ea8cbd3f4ecdc7e27d2db556e027d6173,agenttesla,2333,1266,54.26,23,0,0,1044,0.99,0.0,0.0,44.75,55.25
e33e4865fd5388cb8d3b67d1919d3ec2ee596463012327798fed93a2a282e4bb,agenttesla,4812,3588,74.56,17,0,0,1207,0.35,0.0,0.0,25.08,74.92
e77034ca0f5612915367f7d97ba20d7452594622ce20078eee74df276173ef47,agenttesla,8816,6056,68.69,20,0,0,2740,0.23,0.0,0.0,31.08,68.92
e7e0689ace455992d052b1c39c3edb903bc4477358f4ecb8fb0fff62f8d2561e,agenttesla,3570,2141,59.97,21,0,0,1408,0.59,0.0,0.0,39.44,60.56
eecf01b70476c7cb2eeae32f85b0a1490fb40836ea13d28edebbe2e9b1576948,agenttesla,4774,3382,70.84,14,0,0,1378,0.29,0.0,0.0,28.86,71.14
f0b44e01b8b6bc7b64a875fedf0db0865b0d4c787d60742792f0a8e499d71e85,agenttesla,4774,3131,65.58,16,0,0,1627,0.34,0.0,0.0,34.08,65.92
f15efc199baae5de89401024d42aa136fe03c1cfbea1c8eba689a5e832d83289,agenttesla,4624,3322,71.84,19,0,0,1283,0.41,0.0,0.0,27.75,72.25
f591f3b46cc1844550906abe587a1d82b96b37bac5621c1937ab8b0552258417,agenttesla,2488,1507,60.57,23,0,0,958,0.92,0.0,0.0,38.5,61.5
f68067f9115e9ede57c73b7392912980129fd16b51f3f6550f8e086702b65eac,agenttesla,7961,5563,69.88,19,0,0,2379,0.24,0.0,0.0,29.88,70.12
f680c98c411aa4f05cee596740786e343d48769abc460899218e624f0d7ebca8,agenttesla,8177,5743,70.23,15,0,0,2419,0.18,0.0,0.0,29.58,70.42
f71a25eba39e485b06a0d11f5dd097540200f52f5f25726b9d61c0272ffdb21e,agenttesla,6033,3933,65.19,21,0,0,2079,0.35,0.0,0.0,34.46,65.54
f84d789635e636040055b6e95077408820a412d66bb66934112a004ac24d9eba,agenttesla,9155,6439,70.33,17,0,0,2699,0.19,0.0,0.0,29.48,70.52
fdb6a85d8a54244ce523286412d18ddefbf2b59e54f59576311d9f54e68a398f,agenttesla,2593,1591,61.36,10,0,0,992,0.39,0.0,0.0,38.26,61.74
fe304cb0925bffe7c7314fb8c4bc50c15b82e49c81fe176c8482ea1ed6f51bc8,agenttesla,8272,4255,51.44,23,0,0,3994,0.28,0.0,0.0,48.28,51.72
ff135357a87d1b5f8947dee12439f270b9c3e72693574ca052b114bef0015131,agenttesla,8011,5631,70.29,18,0,0,2362,0.22,0.0,0.0,29.48,70.52
005e021990388ca7a500b209505e747e214a319e0a18d23a1dd659bddafcd2bb,amadey,113,90,79.65,0,0,0,23,0.0,0.0,0.0,20.35,79.65
04276d1d19ff56d14949538f31eb75aa8f198173622c466329df34cdbb251be3,amadey,1513,1061,70.13,0,0,0,452,0.0,0.0,0.0,29.87,70.13
074dfa8168d74a7af03ded4012ec5fb0d12a03280903bd5c7fde7f842172670e,amadey,406,249,61.33,0,0,0,157,0.0,0.0,0.0,38.67,61.33
0807e330ce25d8615d3f69f10c2c3f9eaafd2a16a368168526b90fc95c759e04,amadey,717,584,81.45,0,0,0,133,0.0,0.0,0.0,18.55,81.45
089ff6d60829c62833435f066f6247d7ad839a61e4c18614d1b847ef3bb7aead,amadey,27162,21685,79.84,0,0,0,5477,0.0,0.0,0.0,20.16,79.84
098e4dd332b0246f8a1aaa87b1f9fb14769ef457466d2e823129c32d31e41c2c,amadey,14498,12126,83.64,0,0,0,2372,0.0,0.0,0.0,16.36,83.64
099a27fe88e3310ca62f14be7ebaacee132863c630f8702c7dce1d0cb76796b2,amadey,109,85,77.98,0,0,0,24,0.0,0.0,0.0,22.02,77.98
0dd3f8b25459c4e5e8eabfe91f24381813035cf7c71837ccb6e5f6899e48c27f,amadey,105,81,77.14,0,0,0,24,0.0,0.0,0.0,22.86,77.14
0f6ce02639d4d4caede8c3432a529ff995f9d50cbfec335bbe9dc19b8f5c9ddf,amadey,22176,18549,83.64,0,0,0,3627,0.0,0.0,0.0,16.36,83.64
0fc2f0e5ce9fa677070a9076e1da2fb4021828904f464256bed54e954b64741b,amadey,18070,14177,78.46,0,0,0,3893,0.0,0.0,0.0,21.54,78.46
13cad833006158f4aba033ea75b6d95d03e640f1f0aa401651db5f7b370c2258,amadey,6299,3539,56.18,0,0,0,2760,0.0,0.0,0.0,43.82,56.18
157a06a3b9ebe6381a43ffa118644de19a736450bfb741077a460eee1176ba6b,amadey,3340,2710,81.14,0,0,0,630,0.0,0.0,0.0,18.86,81.14
16b83c892688e1869a75fcf88075e1a7a0983c284c41a7ff721e23cb6b9c9f86,amadey,98,74,75.51,0,0,0,24,0.0,0.0,0.0,24.49,75.51
18c8165d103dc6165f8686dd058b302dfdd6b2be7e71da54c23b070fec266e8d,amadey,9268,7282,78.57,0,0,0,1986,0.0,0.0,0.0,21.43,78.57
18ce05ff4a275f75a627fd0ece6de64a5166478f26e2a652b416144f39882b8c,amadey,7271,4675,64.3,0,0,0,2596,0.0,0.0,0.0,35.7,64.3
18fd6b193be1d5416a3188f5d9e4047cca719fa067d7d0169cf2df5c7fed54c0,amadey,2248,1902,84.61,0,0,0,346,0.0,0.0,0.0,15.39,84.61
1984500308101a791019acb978621a31530f8564f4afcfbe43fa22cb68dfd117,amadey,2311,1682,72.78,0,0,0,629,0.0,0.0,0.0,27.22,72.78
1a2da7655be305e21f3b54177f438edc6d5e97d527b98712d41dab199bbbd997,amadey,521,368,70.63,0,0,0,153,0.0,0.0,0.0,29.37,70.63
1b26ae68f4d9a6a0bfd1a8c92489c6dcdb1a4e6ca483442c2b307329cdfb9345,amadey,1755,1343,76.52,0,0,0,412,0.0,0.0,0.0,23.48,76.52
23249a373a56f69eb857e667b57f810ae9f984e5ff6f52021a97961f36a4f961,amadey,1758,1205,68.54,0,0,0,553,0.0,0.0,0.0,31.46,68.54
2abe0fecc0a8b88610b508c3cc81991b498a53860585a85af1334c2799fe2b53,amadey,114,90,78.95,0,0,0,24,0.0,0.0,0.0,21.05,78.95
2b4af3c6426fdd299b6be20de1141f695f8feca2f18b3e28f37f5884ebf29e5e,amadey,535,399,74.58,0,0,0,136,0.0,0.0,0.0,25.42,74.58
2b6afe34d17351c5b56a703f9b9373e14944cbaef48efaeaab00df7f237b1040,amadey,7266,5724,78.78,0,0,0,1542,0.0,0.0,0.0,21.22,78.78
2d6e35a8b02958db64fe8effa9804064bf478e88717fe23dabf9ee300706d032,amadey,108,85,78.7,0,0,0,23,0.0,0.0,0.0,21.3,78.7
307ff5f51c2349fd918ffd7073c11235ad26a5038f6d812082db62e405f1380e,amadey,140,116,82.86,0,0,0,24,0.0,0.0,0.0,17.14,82.86
30b55fc29eb4d6ba84b1f82bbfa69faa222f2bc6d243a759a624fbb454475275,amadey,3292,2708,82.26,0,0,0,584,0.0,0.0,0.0,17.74,82.26
30c8c226fbe1ec0bda70541cd36c632e937182e0a55b639c4f26d2340868f481,amadey,2349,1437,61.17,0,0,0,912,0.0,0.0,0.0,38.83,61.17
31ce5c05b8ccb9a1fa2f3f83f0bcc093b907083f6d6203de1198a63e600874e5,amadey,12976,11018,84.91,0,0,0,1958,0.0,0.0,0.0,15.09,84.91
3b7e4f66c4398814f9c83b444dcc14b5ba2e407f00c411a9059247b40266d4d6,amadey,108,84,77.78,0,0,0,24,0.0,0.0,0.0,22.22,77.78
44ab913e6708ebdb117d4d0608fd14c7a3b5280db5425b0f4e4d3bdad8654f55,amadey,100,76,76.0,0,0,0,24,0.0,0.0,0.0,24.0,76.0
49c4a424655e9a1cf36d4fa030a06a15d21ee247a0eb081a1d5539c7097a20da,amadey,8104,6741,83.18,0,0,0,1363,0.0,0.0,0.0,16.82,83.18
4e1377f9874f333dcb0b1b758e3131949e667fc39aadf3091e4e3b7cdbaeef1d,amadey,26902,21340,79.32,0,0,0,5562,0.0,0.0,0.0,20.68,79.32
4e4eed16b3a6b4c9f1168745b8268765a9b7a0b5c557cc7e2975c24940eed32d,amadey,110,86,78.18,0,0,0,24,0.0,0.0,0.0,21.82,78.18
52b888b35ed7381b5fd211296546932916d5751bb311f24431683788bddeb04e,amadey,15492,13107,84.6,0,0,0,2385,0.0,0.0,0.0,15.4,84.6
5692d447bbf6256b2bcd4b20b536a9b7725dbf98aaff51e6e0439f5b12f6045d,amadey,99,75,75.76,0,0,0,24,0.0,0.0,0.0,24.24,75.76
5d7f15bb1f5a34592c1b7a2451cacf2b1beb04a1810dc67bba82c093774458f2,amadey,10139,8243,81.3,0,0,0,1896,0.0,0.0,0.0,18.7,81.3
5ea65da532ee70eabf6ce6745c285d5128ecb4cc7f49a28452d437a33b52e71b,amadey,110,86,78.18,0,0,0,24,0.0,0.0,0.0,21.82,78.18
5ff4038bb7d8b406e4c2c8f93898225ac0f969e6ab1c9dfd231b77d15b417417,amadey,702,471,67.09,0,0,0,231,0.0,0.0,0.0,32.91,67.09
6199c88503f3aba97f2bc23545b6d57496470b262d0c3530ace4d9b4a680834a,amadey,98,74,75.51,0,0,0,24,0.0,0.0,0.0,24.49,75.51
62bad3890dd4997157e6248d93e577120bb4ebd07addc47a817800c7e9e98dbd,amadey,22219,17658,79.47,0,0,0,4561,0.0,0.0,0.0,20.53,79.47
6932aa2b259a43e44dd5ba561ff61db50480ae95aa6fbab7d875e411fd74befc,amadey,6582,4401,66.86,0,0,0,2181,0.0,0.0,0.0,33.14,66.86
6d798e3e2e28317dc1b93dbc671623d036d06ad82c94821b64004d1ef983f1a9,amadey,1314,914,69.56,0,0,0,400,0.0,0.0,0.0,30.44,69.56
6da9cb0590a01c527340a0ec456ae8cadfb31986c7874e06561318715a3dcc34,amadey,3322,2686,80.85,0,0,0,636,0.0,0.0,0.0,19.15,80.85
6db69d1dbd4dbe1108a05955d03052864c7acf3165d0ddbfad7e4156c37a0bd8,amadey,112,89,79.46,0,0,0,23,0.0,0.0,0.0,20.54,79.46
7095952df050e7b9744fd672e0a3bd68fb3f4327a856972603e545de2649a494,amadey,1142,799,69.96,0,0,0,343,0.0,0.0,0.0,30.04,69.96
72cd6bd93142d02a387b6e4c6141c7e9b258c2f3a3b28fa0039d71a60f7be586,amadey,5528,3489,63.12,0,0,0,2039,0.0,0.0,0.0,36.88,63.12
7611a9f3617806552cbed6abb3d8343d9013dca2522fc35805aaca30bb2dfbcb,amadey,102,78,76.47,0,0,0,24,0.0,0.0,0.0,23.53,76.47
7667f3dc5e1a97d383a26a6fde433fea11e93ac485eaea5247a08f9d6ed51e23,amadey,555,385,69.37,0,0,0,170,0.0,0.0,0.0,30.63,69.37
767b03b1909c858a948371ed7791ff0c0629e5e4c7d60f97900b1fc27485103a,amadey,48,31,64.58,0,0,0,17,0.0,0.0,0.0,35.42,64.58
7732b3137a721cb543261e9c4ecb5c90b51aa6d810c2df0104df6b11e319dbd8,amadey,113,89,78.76,0,0,0,24,0.0,0.0,0.0,21.24,78.76
77db7cd9e4f2ac402a07827f41de516c2138fc7972a9cc76fe6eac392429283c,amadey,136,112,82.35,0,0,0,24,0.0,0.0,0.0,17.65,82.35
7febe0fba245dbc20d115e06a3b5f36f7c1b1434353bc7c36882b497bc598635,amadey,10619,8714,82.06,0,0,0,1905,0.0,0.0,0.0,17.94,82.06
820fdad665b19d5c17a4ab8604f8fac33a60608ebbf82af577f73491b07d745f,amadey,5278,3924,74.35,0,0,0,1354,0.0,0.0,0.0,25.65,74.35
87ebcb235fd23c6cd6996ceb269c299b29c0d8e1a1535f383a3298a0d8ae52e8,amadey,11139,8044,72.21,0,0,0,3095,0.0,0.0,0.0,27.79,72.21
8b549a868852eb291819180cd971dd7b163003efa16b8efacf685d2d5f879a5b,amadey,19026,14857,78.09,0,0,0,4169,0.0,0.0,0.0,21.91,78.09
8dca550e1103f8f3162602f771cb621c1a807127190997897a0bd373c3c43462,amadey,8919,6134,68.77,0,0,0,2785,0.0,0.0,0.0,31.23,68.77
903aec9d247ac31aca8518655026902f1f3ae706204004425838471c99f3f81b,amadey,9480,7245,76.42,0,0,0,2235,0.0,0.0,0.0,23.58,76.42
947d24044cb646f0dcb36b726a5841608b5e8967b9102a3a2a48eb82b23b57d1,amadey,201,136,67.66,0,0,0,65,0.0,0.0,0.0,32.34,67.66
96e45d33cf7e671adafb99d4e650d51930eff09ba7397b0ad0b40f8b796f27a3,amadey,106,82,77.36,0,0,0,24,0.0,0.0,0.0,22.64,77.36
973c875729ccab5d3b082d708b110a460dba4a519e065e5e2292bdf399bb251a,amadey,98,74,75.51,0,0,0,24,0.0,0.0,0.0,24.49,75.51
9c48ac832a3da6ee2280b7151181c9b0e6bbf0ec0a7d83505b1b460def2e886e,amadey,9017,7344,81.45,0,0,0,1673,0.0,0.0,0.0,18.55,81.45
9c5d4deda8f1b114352e264a6e770adadfd6d6ef9bd03ff5c9f470cdf7dbdbd9,amadey,362,246,67.96,0,0,0,116,0.0,0.0,0.0,32.04,67.96
9ede690d40718ea6d69d8191d139b9e742029b9ee4c69db37526c4d5734f5cd7,amadey,109,85,77.98,0,0,0,24,0.0,0.0,0.0,22.02,77.98
a2a43fdfe04d1f17342be55cd041234faeb16291b51bf4591c98b6f57bcded71,amadey,17755,14611,82.29,0,0,0,3144,0.0,0.0,0.0,17.71,82.29
a2eebe49ef99cdb63be5f84076c9a5dc04cc91ea1f02055eec666102f6b6c4c6,amadey,109,85,77.98,0,0,0,24,0.0,0.0,0.0,22.02,77.98
af1379c2cbc8abd767e205c1b0a8be9e9c8b5765083700eb3fd2313bf3a76e5d,amadey,17541,14703,83.82,0,0,0,2838,0.0,0.0,0.0,16.18,83.82
af3abce52d153228bfc6b631d43f74c0c0446e04f68163b85811ddd49ad349eb,amadey,568,422,74.3,0,0,0,146,0.0,0.0,0.0,25.7,74.3
afeca568e86df4dc2fb8accc9e4a6768a93dc4948eda413bb49b2fdf310ab7a3,amadey,108,84,77.78,0,0,0,24,0.0,0.0,0.0,22.22,77.78
b29877eef2cbbbc095db72354a06828684a84586ab57ba4f606d997c6d3408d6,amadey,15805,13321,84.28,0,0,0,2484,0.0,0.0,0.0,15.72,84.28
b67eac365a0ec306628909ec8c1fda737fdf32f2331255f585656f57de436131,amadey,4822,3958,82.08,0,0,0,864,0.0,0.0,0.0,17.92,82.08
b84d0d196ac3a5bc6a2985b4c25e3d696b47d2b8ec83c55019d6c7a681b1d944,amadey,9810,8266,84.26,0,0,0,1544,0.0,0.0,0.0,15.74,84.26
b8d6d40ceb8eb4629f70f1a83e6e09e52da0cfffaf3354a4bdd9dcef75240adc,amadey,21299,17027,79.94,0,0,0,4272,0.0,0.0,0.0,20.06,79.94
b9253c21e8f82ccac212b78dba42f85f373acd63a40007e21d5b6a1f7b4cce6e,amadey,103,79,76.7,0,0,0,24,0.0,0.0,0.0,23.3,76.7
ba001711c022bf7d05631e57a93fd470559cceae16f78f2451582c8ff0e57ab6,amadey,6975,5609,80.42,0,0,0,1366,0.0,0.0,0.0,19.58,80.42
babe2bac544203762a76125e6b592106f506b056d4d23f1b565156419c12e0ec,amadey,23433,19282,82.29,0,0,0,4151,0.0,0.0,0.0,17.71,82.29
bb7479d1e0689a68a0e9cb3341d22e625dfba03a436a9306a6e4bfe47eca0638,amadey,101,77,76.24,0,0,0,24,0.0,0.0,0.0,23.76,76.24
c010da0b5ee5ca9b8d48491d007af10e5b80f6d7950145e1cf81a195c19836d7,amadey,22172,7048,31.79,15,0,0,15109,0.07,0.0,0.0,68.14,31.86
c0dad59a3bf41db6ecf798e4bdcef76482de14c96e0a17733413f0a05a686cfd,amadey,134,110,82.09,0,0,0,24,0.0,0.0,0.0,17.91,82.09
c238520d436c5d8f2b77a21e5472161540494daeba6e2885ebce194db0e2e1e2,amadey,105,81,77.14,0,0,0,24,0.0,0.0,0.0,22.86,77.14
c26478a9d90e449ab9f3db4011eb7bb7271ed3bc2506f374543e0fec014a7043,amadey,6564,4363,66.47,0,0,0,2201,0.0,0.0,0.0,33.53,66.47
c2dde09d415c9a9cee697b38102054fcf775c3e2880ba4593929311da994dd11,amadey,24232,19121,78.91,0,0,0,5111,0.0,0.0,0.0,21.09,78.91
c82d2fce74ea779ecf9d29ba5e371111917a7724b72a321406755a97434b6b9b,amadey,13569,10809,79.66,0,0,0,2760,0.0,0.0,0.0,20.34,79.66
c84d7a88c396b7e327907984474a5b186f4adf86792a273b4ded750f4b893ca4,amadey,3657,2684,73.39,0,0,0,973,0.0,0.0,0.0,26.61,73.39
cb8a6de270d282604ba95e058ff8d9c0939b036c35e1e2394016fb1f97926cf0,amadey,5309,4534,85.4,0,0,0,775,0.0,0.0,0.0,14.6,85.4
d02b052cefa25c1419a34f4fdf11f7975fb4e17425cde777eb9d46af8f5b5ce0,amadey,1751,1343,76.7,0,0,0,408,0.0,0.0,0.0,23.3,76.7
d1ec02791818eb83a1b7a8b3f98015ed883745f600fe5c1bcf33932c15aa147f,amadey,155,96,61.94,2,0,0,57,1.29,0.0,0.0,36.77,63.23
dbb68f809f1c082132934c3a85584117651f3b7232dab7d6ff9a0e718847016a,amadey,8668,6029,69.55,0,0,0,2639,0.0,0.0,0.0,30.45,69.55
df0928765104bf106d2c79351b90b04cc1ca7c2e4ac3ef27767aede524645bb3,amadey,17221,12937,75.12,0,0,0,4284,0.0,0.0,0.0,24.88,75.12
e108ff127816c7473b4288f40bd13567a985e223950fa93d9ab0d43aeb8ec658,amadey,7540,6260,83.02,0,0,0,1280,0.0,0.0,0.0,16.98,83.02
e72a6e51dbac1e6313459eab1ffc1832d973b0fd23fe10aba5acdee9ba028f6d,amadey,108,84,77.78,0,0,0,24,0.0,0.0,0.0,22.22,77.78
e748fa2eb7bcd7cdf35f7fc1ef90ab4dc83e946443d4b2d66e8769c43dd08de8,amadey,16348,13365,81.75,0,0,0,2983,0.0,0.0,0.0,18.25,81.75
e7808c9b2f5bc2319166596471fddda32b35ceac9ff0cf6aae713e422576b974,amadey,16737,13675,81.71,0,0,0,3062,0.0,0.0,0.0,18.29,81.71
ec137c56ce1fbf300d20e4da977f3df9d82ab43a1479afec5ab0ec5997823ad6,amadey,20561,17230,83.8,0,0,0,3331,0.0,0.0,0.0,16.2,83.8
edcd11e45efed930a5a9563c77aa25c91d52061edd71739f3b01b63568f9d706,amadey,134,110,82.09,0,0,0,24,0.0,0.0,0.0,17.91,82.09
ee4c5daa2e1992d339be9e9a69726641952127dfc0c4a74b695e720fd8f2c548,amadey,1661,1182,71.16,0,0,0,479,0.0,0.0,0.0,28.84,71.16
eeb482210dd21fa61050ffe6cc4cf6558c66e32b87f13424884cb974ee2431df,amadey,242,154,63.64,0,0,0,88,0.0,0.0,0.0,36.36,63.64
f7b9d0767322a55a6d7c72fe221b1afe6d74a126b9987617ba0219ab6d94c2cb,amadey,11998,9531,79.44,0,0,0,2467,0.0,0.0,0.0,20.56,79.44
faa2daf2db5f5ba0927b64b5313347194e3ba0cf6dbb25ec408f4f5ab3a2d481,amadey,17874,15030,84.09,0,0,0,2844,0.0,0.0,0.0,15.91,84.09
fab4894ab426fd6b5187803d9f475e9c4aeb42e18643c3e0ca80a1de656fe018,amadey,23259,18947,81.46,0,0,0,4312,0.0,0.0,0.0,18.54,81.46
fcf464b05016d4f9a43f2dbc627218ef63840077f00b1c63abc5e102ac972d7c,amadey,785,668,85.1,0,0,0,117,0.0,0.0,0.0,14.9,85.1
0030eba0afa77ea8bcc69d88fef59b1669504139780afcb86ec44ec21341568a,berbew,48,29,60.42,0,0,0,19,0.0,0.0,0.0,39.58,60.42
0417046be3a08c5f9e7bc6db87ec3bd7593a9ea4523d2edb3ef542c76cc7d448,berbew,50,30,60.0,0,0,0,20,0.0,0.0,0.0,40.0,60.0
06094b403c0131e1954131734488e5c14e92c9e8b74cde7aedb4abd46a11baf1,berbew,47,28,59.57,0,0,0,19,0.0,0.0,0.0,40.43,59.57
0cf2dad4c87452d6953d989062a4a2da35463ec653e95776c3640f1d844c13e9,berbew,47,28,59.57,0,0,0,19,0.0,0.0,0.0,40.43,59.57
0d1b79df6441edeaff7f168b5f73009c2f3aa428edc3b6221d3e667246e4f1ae,berbew,47,28,59.57,0,0,0,19,0.0,0.0,0.0,40.43,59.57
0d1fce7a3d873a770c57b5a27ccc47adbda08683fa333e3298f6caaef302b6e8,berbew,46,27,58.7,0,0,0,19,0.0,0.0,0.0,41.3,58.7
0e0534344356c1ae249483171aece8eeb7777ca2c323e6b220701550a9731114,berbew,46,27,58.7,0,0,0,19,0.0,0.0,0.0,41.3,58.7
0e3b2cd19e68c440e1a9d6251f85331e174491e5b1f22d46c5e7bf9aa9a9901a,berbew,46,27,58.7,0,0,0,19,0.0,0.0,0.0,41.3,58.7
0fe86684625cc4e89392252fd81438395c27732f5c799779966d78fa06ae10e7,berbew,50,30,60.0,0,0,0,20,0.0,0.0,0.0,40.0,60.0
10148bf0e289b04afba1b91c96e3c921bc1b95ec99ee46410d605aa60694db49,berbew,48,28,58.33,0,0,0,20,0.0,0.0,0.0,41.67,58.33
14d279cf84c64a080317b66558adc19ab25de69d22584c9267881909cd827449,berbew,47,28,59.57,0,0,0,19,0.0,0.0,0.0,40.43,59.57
16bc86b2b4c7714939acd9a825dd8981f8bb1f031f4e2d3ca0d42d927a5f3411,berbew,49,30,61.22,0,0,0,19,0.0,0.0,0.0,38.78,61.22
1771e9da2d4ca305d494ed19eee91d7c996eacf77804081fc495a554c27295c6,berbew,50,30,60.0,0,0,0,20,0.0,0.0,0.0,40.0,60.0
19aae2a5e3fd224c552c2f6a30223bdfc3cd914a0620f558500d862c421b4d74,berbew,49,29,59.18,0,0,0,20,0.0,0.0,0.0,40.82,59.18
1db05a6f525d57e95a6febe10c1afb560afde09e092b42a42d67dec8dac3cdbe,berbew,46,27,58.7,0,0,0,19,0.0,0.0,0.0,41.3,58.7
1e07b6577e06272339dc0abd212e194c1dcc68c725c3008b1b811089c5043df1,berbew,53,33,62.26,0,0,0,20,0.0,0.0,0.0,37.74,62.26
208069695070f03fe2dfb81c6d3f794cd37e81cbcab36e38fb5678fa99deb40b,berbew,46,27,58.7,0,0,0,19,0.0,0.0,0.0,41.3,58.7
253cebb95c3fc102c9d2eb518bbae39c2226ea9a738778d292e9f590e4f2da29,berbew,46,27,58.7,0,0,0,19,0.0,0.0,0.0,41.3,58.7
269777b733b9f58b9e8ee199b3de364394033b562f61f9b02d3d2967a4522c21,berbew,48,28,58.33,0,0,0,20,0.0,0.0,0.0,41.67,58.33
28c483d1a28aecd9f785fc5f74042a27e4c27f97fa2a1109a5671a02d27b3a80,berbew,46,27,58.7,0,0,0,19,0.0,0.0,0.0,41.3,58.7
2970adcebefaad5be6ab8656a6d6e89454c7ad624c9ae42f3d2b13c3ce50192c,berbew,50,30,60.0,0,0,0,20,0.0,0.0,0.0,40.0,60.0
2c4be9b5be2712702c395d35b88ea85eebd544eccb142d96af34fa33125ae602,berbew,47,28,59.57,0,0,0,19,0.0,0.0,0.0,40.43,59.57
31585340e00232db1360a84910712f0fc077bacfd549a2a17f6a8cfc1b2002d7,berbew,49,29,59.18,0,0,0,20,0.0,0.0,0.0,40.82,59.18
36f02f7f3ed9522b243288260abda59e7823d1266589312c270f526f3ad2adf0,berbew,49,29,59.18,0,0,0,20,0.0,0.0,0.0,40.82,59.18
3a45a27299a608f0c4a9f61d1484b4b5f8a92e6ddce0289858b194c6a77ed879,berbew,48,29,60.42,0,0,0,19,0.0,0.0,0.0,39.58,60.42
3dffc2cabd0f70ee3ba25a64f11e1b1a4845319cf0ffd846a930f17f7abd04bd,berbew,47,28,59.57,0,0,0,19,0.0,0.0,0.0,40.43,59.57
43e59df41ff55e0b5ce40ef626c58b9ebca1eba983e4d2ca41891c0cde046d00,berbew,52,32,61.54,0,0,0,20,0.0,0.0,0.0,38.46,61.54
4f23b8954892e938327a755eee4179dc30317f15343fa68b965b33531354f4ff,berbew,53,33,62.26,0,0,0,20,0.0,0.0,0.0,37.74,62.26
4ffe8a5472bfaef99d9d67dca5b6710058689c7dd9facf4c0a382263fa29b34f,berbew,47,28,59.57,0,0,0,19,0.0,0.0,0.0,40.43,59.57
501c8445e6c94bf1f08225117a788729db2c5c589a226759c38fc85bab739d5e,berbew,47,28,59.57,0,0,0,19,0.0,0.0,0.0,40.43,59.57
56382a07d92e56ee04d6b03b686603901cd1eb06d69f0e481d1a63cec3ba8fce,berbew,49,30,61.22,0,0,0,19,0.0,0.0,0.0,38.78,61.22
57112d8e8deb98ee7988e6375e41769410e2afa4b7c97edb42a34b6a6b2cabe6,berbew,46,27,58.7,0,0,0,19,0.0,0.0,0.0,41.3,58.7
59ec9b99030ea3f55c2f0089e8065c1d270eae39d93c1305b724ea0401dc924d,berbew,48,29,60.42,0,0,0,19,0.0,0.0,0.0,39.58,60.42
5bdc3bc3128d1f2aab29c6505252f4962da1f3b0a0bdee210425ad047baf9143,berbew,52,32,61.54,0,0,0,20,0.0,0.0,0.0,38.46,61.54
5c5c7c240e27d57c27ebdc59a52921ea4fa2d04e7cf50ace559497a3322d4995,berbew,48,29,60.42,0,0,0,19,0.0,0.0,0.0,39.58,60.42
5d23b16fb5020eca13224d1c768644a2890489cd1604ff2628f92c0a4e109408,berbew,50,30,60.0,0,0,0,20,0.0,0.0,0.0,40.0,60.0
5f29f9344d49a08693ee3ba9487aacbd639bba3401d2ba2a489fae06188e3d2b,berbew,48,29,60.42,0,0,0,19,0.0,0.0,0.0,39.58,60.42
61f786db1048e1308e88849c3d35c969b05b30c067a76844f7b6da1f3143c373,berbew,50,30,60.0,0,0,0,20,0.0,0.0,0.0,40.0,60.0
64845c9c43da2e93c166d366c3a77dc8c670dc0a3704baaa37f7f7963ba82a42,berbew,50,30,60.0,0,0,0,20,0.0,0.0,0.0,40.0,60.0
696f47888aad1242ac423fede0683351e06308f5cd3d43334915d11c6364aeef,berbew,50,30,60.0,0,0,0,20,0.0,0.0,0.0,40.0,60.0
69c942d670a20067db24dd64e71f7daeac8d8e597b1d61d3cfc71d5ab1099008,berbew,52,33,63.46,0,0,0,19,0.0,0.0,0.0,36.54,63.46
70185d22aaf767974a58db0d610908c2b8a8661e313d3a180acf49af8c319eb0,berbew,50,31,62.0,0,0,0,19,0.0,0.0,0.0,38.0,62.0
74db1dbc8ffd0ba150291ff5fb06090d1a9914f86221986338e701a03796a9a3,berbew,47,27,57.45,0,0,0,20,0.0,0.0,0.0,42.55,57.45
758b3b8dd07063ad137c374abca4b5c9501364ad0ecc7958bc0c3968e0019813,berbew,50,30,60.0,0,0,0,20,0.0,0.0,0.0,40.0,60.0
75f5d526210688ec3b5bdfd14ff472998de28aaa6e5986e9aa2cadfff421f0cc,berbew,48,31,64.58,0,0,0,17,0.0,0.0,0.0,35.42,64.58
7b94abe0081c00861191367444711223f44aa49697a4ab60c51e9fad3b2d7e8e,berbew,47,28,59.57,0,0,0,19,0.0,0.0,0.0,40.43,59.57
7c82fe001684b4ab1b6f60e86c861e31cc10d2ff2435a42c70354d6d4db65bf0,berbew,47,27,57.45,0,0,0,20,0.0,0.0,0.0,42.55,57.45
7eb7dce331e5739a87a4b6676c4d9d9f909350856c0b96a7e7d79ec3a63bb19c,berbew,46,27,58.7,0,0,0,19,0.0,0.0,0.0,41.3,58.7
80cb8bfe24cba5d53bf6f98807b0436fd84ce931e3f83c0930633f6b1d321f45,berbew,47,28,59.57,0,0,0,19,0.0,0.0,0.0,40.43,59.57
89a6b355f930abb3c0dd2a87d9d00659acd633d764c427d161ad126729ba3c8e,berbew,48,29,60.42,0,0,0,19,0.0,0.0,0.0,39.58,60.42
8c4eab9a79b1d3b68bbf87936431813dba5a13b2539238000e3f5e0388b3c52d,berbew,48,29,60.42,0,0,0,19,0.0,0.0,0.0,39.58,60.42
8c75d615da5a580292ec6bf14310c654d4fbfc01d0b98d5729307c5522c99ead,berbew,47,28,59.57,0,0,0,19,0.0,0.0,0.0,40.43,59.57
8c824fb00f1d042ec0cb6ed5748be3558fc7186d48183160bc50ee03478909a9,berbew,49,30,61.22,0,0,0,19,0.0,0.0,0.0,38.78,61.22
912e8fc9e21b57d90a23ff295b45bb237524f6a68b89016a5bb6022566ef4694,berbew,48,29,60.42,0,0,0,19,0.0,0.0,0.0,39.58,60.42
916e2706fabf8c1c5146acae716825d5e998d7ce68d0759275f9b3951737a382,berbew,48,29,60.42,0,0,0,19,0.0,0.0,0.0,39.58,60.42
96a04244c0dc4d51570d30dca5735a483e452490bdef1537909eaecfd9df8bad,berbew,51,31,60.78,0,0,0,20,0.0,0.0,0.0,39.22,60.78
9ac7de9fa73baf30f49e47691c779f6ba7077ee40e2308cb4111bbb4d2fac446,berbew,53,33,62.26,0,0,0,20,0.0,0.0,0.0,37.74,62.26
9e22f70a594fd99e327c16d143c71b9788a28175c0d2fae5ce9ddba535d6e9b9,berbew,49,31,63.27,0,0,0,18,0.0,0.0,0.0,36.73,63.27
a5835186d180e177ded338733cecf2f6c3d63342490ca7869c5bcd6e20955a7e,berbew,50,30,60.0,0,0,0,20,0.0,0.0,0.0,40.0,60.0
a59bdc5443bdcbcf72e87019d8af00075f4dfa00115710d01d1b0d5ec55fc9f7,berbew,46,27,58.7,0,0,0,19,0.0,0.0,0.0,41.3,58.7
a845654b1ea084e5844789b964f145e0ef9c0e7cf24cd831691b03bb1666261a,berbew,50,30,60.0,0,0,0,20,0.0,0.0,0.0,40.0,60.0
a8d196c51c4961d45b3ebc3ba7a32054ad0ec59f3f81790e4a537873fb8d4501,berbew,50,30,60.0,0,0,0,20,0.0,0.0,0.0,40.0,60.0
ab3fa819210d1a84770ff7ecf73598fcee2585ec1aa2eb2052b92f67bf07c08b,berbew,47,28,59.57,0,0,0,19,0.0,0.0,0.0,40.43,59.57
ac24f8ec2c88437a288f000db635cd612f18a0972c5415958f1c1fbb80018c8e,berbew,48,29,60.42,0,0,0,19,0.0,0.0,0.0,39.58,60.42
ac66fb6b4319ec1033c63ffb6e27676f939ac615ba29b094949f5df8a492f4be,berbew,51,31,60.78,0,0,0,20,0.0,0.0,0.0,39.22,60.78
ad9f81ae42650d4fa474648921b934421cf3c0e71d5606d44fb0961f5ad3f09c,berbew,49,29,59.18,0,0,0,20,0.0,0.0,0.0,40.82,59.18
addb903a5cdc8b17014ad222bcdc1e62a9e9784222c477225122f1c0d966b8e2,berbew,48,29,60.42,0,0,0,19,0.0,0.0,0.0,39.58,60.42
aed69e53d36c0b3e02d110110ec4343b85044410fdc494c371df3e5d651e5771,berbew,50,30,60.0,0,0,0,20,0.0,0.0,0.0,40.0,60.0
b0905ce30d775ea36e56600a5dfede32727716f7f60f0e30d1e41d23d2c50413,berbew,55,31,56.36,0,0,0,24,0.0,0.0,0.0,43.64,56.36
b711885ba9a070243aaec26b8da73633296905fbadade64f2b34e0af3aa3ff09,berbew,49,29,59.18,0,0,0,20,0.0,0.0,0.0,40.82,59.18
ba3f6dc0f0b31ea4794ebb84eccca2d499772ad55f702f8deb547600e0e30a60,berbew,49,29,59.18,0,0,0,20,0.0,0.0,0.0,40.82,59.18
c07fe7f4d6790f1e4fa2580e0f779d2d344f6268632bd4131b662de04312db2b,berbew,49,29,59.18,0,0,0,20,0.0,0.0,0.0,40.82,59.18
c13acbb349483dd9ae57a7262f974fd0611a863ebb17226bfd10299c5e0e1508,berbew,46,27,58.7,0,0,0,19,0.0,0.0,0.0,41.3,58.7
c3ecaf62b025c562aeabb5e9fec3fa52ad1a9ec1a6c341e3dafe6f981ae3aa1f,berbew,50,30,60.0,0,0,0,20,0.0,0.0,0.0,40.0,60.0
ca4e2a187d6ba7bef715f3a9c8a9881cff2bced9c96e25aa25dfdaafd2a09c71,berbew,47,30,63.83,0,0,0,17,0.0,0.0,0.0,36.17,63.83
d03e4e378c4e0ff2e2830cfcb956881123d1dd8734031ec7e7de7a98bcb347e4,berbew,45,28,62.22,0,0,0,17,0.0,0.0,0.0,37.78,62.22
d2e5f2005e827ea3f7a20fff918f4ee49f3a4fa750b8c8e44970d4be93f3c1b9,berbew,50,30,60.0,0,0,0,20,0.0,0.0,0.0,40.0,60.0
d4b198f014e623ec7e32f2af30afec3e5bced35f3b5231b6add151fde6ce76cb,berbew,48,29,60.42,0,0,0,19,0.0,0.0,0.0,39.58,60.42
d543feebe566d610090e949d9be2c2a0a976713c5f1a3baf8ebce3424cc0e7eb,berbew,49,29,59.18,0,0,0,20,0.0,0.0,0.0,40.82,59.18
d6602bd16c871013dada2ef29a372e9b4cefe9a23bbcb1206969ce8a97c1c909,berbew,49,31,63.27,0,0,0,18,0.0,0.0,0.0,36.73,63.27
d72e884b952f84bb39cfc2dce9ff6307c50c8e29ccfb6ec9899d57cb1ace7c19,berbew,48,29,60.42,0,0,0,19,0.0,0.0,0.0,39.58,60.42
d80231122da339080d83990f1ca074a16fab25fc9ea46e775e6dc900b9f1a217,berbew,50,30,60.0,0,0,0,20,0.0,0.0,0.0,40.0,60.0
d839fa66310d468d1aa039a5f526461b3269b2933af5d8e347713b88b65d2eab,berbew,49,29,59.18,0,0,0,20,0.0,0.0,0.0,40.82,59.18
e00aa4f0b9e16bd4ba7a632ae8cceb61fee562f38b4341e94efcb02f8974f7ab,berbew,47,28,59.57,0,0,0,19,0.0,0.0,0.0,40.43,59.57
e0aea7f8e5095ae0c9ea563bfc1a2d1f9f5dda9546915bd3c1e0c53b54d93b67,berbew,47,28,59.57,0,0,0,19,0.0,0.0,0.0,40.43,59.57
e1f2a3d76d0a1fe1c35d176de91e9b7ed555832a1e709849d3a26515cd6e4074,berbew,51,31,60.78,0,0,0,20,0.0,0.0,0.0,39.22,60.78
e514d7cdb896e7ee97f8310541832c2091e3ec3d927c916b1fdfa5454e5e075c,berbew,49,29,59.18,0,0,0,20,0.0,0.0,0.0,40.82,59.18
ea20c9f47e00720b65e73ad87835d374b8d38cc489d032137460bdb9d5ad364b,berbew,48,28,58.33,0,0,0,20,0.0,0.0,0.0,41.67,58.33
ecb2b8493578de15f9519f48e86273caa9645e83d61449418500ccb382df8102,berbew,50,30,60.0,0,0,0,20,0.0,0.0,0.0,40.0,60.0
ee576432b2a001d963788d04fcaa062866a6efd5c0d177cdeb65f4d6f88874a1,berbew,48,29,60.42,0,0,0,19,0.0,0.0,0.0,39.58,60.42
eed87448a4caa1c506cf7526499c3fa4c58d47c563aa4f7c6789833deb2aff9d,berbew,48,29,60.42,0,0,0,19,0.0,0.0,0.0,39.58,60.42
f184dfabf1e52ab04d3e14e4aeffca61bde5ff3975a75624856ec6c524770fd2,berbew,47,28,59.57,0,0,0,19,0.0,0.0,0.0,40.43,59.57
f3bbe499b2ed3de7a2389c925b484f8d999afbdc00a47085a1f9d91f4e50abd9,berbew,51,31,60.78,0,0,0,20,0.0,0.0,0.0,39.22,60.78
f52561f87032bc0de3a5a1f005e26682d1af83c3bf802b67587d37fe518f3938,berbew,46,27,58.7,0,0,0,19,0.0,0.0,0.0,41.3,58.7
f9d7575b4c161dac37a30afc9e10a3b5ccc3e9040acea23caa0b5cb921fd6f26,berbew,49,32,65.31,0,0,0,17,0.0,0.0,0.0,34.69,65.31
f9da26eaaabd42f4dadc0298b1e8b3efaa737a90f9e9154344cf635512337204,berbew,49,29,59.18,0,0,0,20,0.0,0.0,0.0,40.82,59.18
faa23c1ee5b20d2cd6b64c7cac7cfe8a436035bcaf54c00c9e25502500b32a48,berbew,50,30,60.0,0,0,0,20,0.0,0.0,0.0,40.0,60.0
fc93536fd62ceb0ddd535405efc3c3e63e9074ae7e123f0524afe89da5126199,berbew,48,28,58.33,0,0,0,20,0.0,0.0,0.0,41.67,58.33
fccfe1a856f4e41df74798b4e50c4c2ae2f3adb32f914e87050118d16bb719c2,berbew,50,30,60.0,0,0,0,20,0.0,0.0,0.0,40.0,60.0
fedccd9f004282072b99255906debfdb2f7d7eb6e0e7f85703168460e5619e98,berbew,50,30,60.0,0,0,0,20,0.0,0.0,0.0,40.0,60.0
00572c76c29eb5c5bb329f1793ee806d2418a48013ed111f3e129df6514b4768,dacic,758,463,61.08,2,0,0,293,0.26,0.0,0.0,38.65,61.35
09c8dc4d5e6b4db57ad2b51e06371b4602a2c111ad246d306597e62626774d9b,dacic,755,446,59.07,1,0,0,308,0.13,0.0,0.0,40.79,59.21
0a78372be2b5ab85e1d96724f0efdb2bd32068f706cbfc24e9686e3e5eb153d7,dacic,672,378,56.25,2,0,0,292,0.3,0.0,0.0,43.45,56.55
0b8b5b72d071272dbb0dcdbcc700cb18d2329bb068235f62966f091cfca9cf5e,dacic,627,343,54.7,1,0,0,283,0.16,0.0,0.0,45.14,54.86
0b9e0e83acee7ab498b242a8dce58735b02700ab373be071703a45c6316ee373,dacic,637,375,58.87,2,0,0,260,0.31,0.0,0.0,40.82,59.18
0bce4456cd90916a93216ae49792af6fc2f0600ee1d80575b5c173c78c44efef,dacic,736,424,57.61,4,0,0,308,0.54,0.0,0.0,41.85,58.15
0c3fce62334aedd09a19b36f3b63a4cca505771f8aec9d8cadfc7c03951c379f,dacic,629,381,60.57,1,0,0,247,0.16,0.0,0.0,39.27,60.73
0d945616110f54065b95a62dbac52fb40fff8ee26551823bd13bb7b0ea92d1a6,dacic,645,361,55.97,2,0,0,282,0.31,0.0,0.0,43.72,56.28
0e00e8157db7cc8931cf06576c7f3b8b6996d6354db317700743afdf2f8614f2,dacic,755,474,62.78,5,0,0,276,0.66,0.0,0.0,36.56,63.44
11e57bae7aec9f5a36591bec5dc807a40a894f87440374a8fbe932aa89e76672,dacic,752,464,61.7,3,0,0,285,0.4,0.0,0.0,37.9,62.1
17d776972be1a94d16d6077b9c6e6510a3c79b864406646eddce9024b401734a,dacic,653,386,59.11,2,0,0,265,0.31,0.0,0.0,40.58,59.42
1938464d49f08ecafb8a440c9258efa43b76fd3fe5e861e30286e4b656a1954c,dacic,380,105,27.63,0,0,0,275,0.0,0.0,0.0,72.37,27.63
1aaccb0fb9bdb09c7ed85ff7c64e97d3687221fd3c5b7e94818ebfefd648c372,dacic,738,429,58.13,4,0,0,305,0.54,0.0,0.0,41.33,58.67
2296a099200f95622eb1e72db3ebfa702696d213313b1ffd6361451352b9fed2,dacic,770,446,57.92,3,0,0,321,0.39,0.0,0.0,41.69,58.31
247bcc205dd8529410b60fa825ff029deacf25bf9f93f55a131bdda470dbd4e3,dacic,755,468,61.99,2,0,0,285,0.26,0.0,0.0,37.75,62.25
25bee31eda4859c5264cc757168bf142c4ca6fbda261a674f1b787f3d8dfa9ac,dacic,41567,40615,97.71,18,0,0,934,0.04,0.0,0.0,2.25,97.75
26dc0b5d0a036bc6a13e4051f3d9f0a4dd396a12d5219efbbc239ee397470582,dacic,754,457,60.61,4,0,0,293,0.53,0.0,0.0,38.86,61.14
26ef7d8514bc10aa679a5990102d26ead172eace34db9c8d0c743745a5aa07e1,dacic,752,442,58.78,2,0,0,308,0.27,0.0,0.0,40.96,59.04
28bd947b72e6d87ff49f9fb5498e907a33d8db92ca50c07ae2f90b1480f9427d,dacic,641,392,61.15,3,0,0,246,0.47,0.0,0.0,38.38,61.62
2a1dcd9269c03dc2b0c71d2383decdf8f3cfb7ad82ca0b8745e1c7e01322f60d,dacic,770,471,61.17,5,0,0,294,0.65,0.0,0.0,38.18,61.82
2e9779717b5e65c796049ff6d2ed6db84e4872499536e854b8d0661be31f6ea1,dacic,609,346,56.81,2,0,0,261,0.33,0.0,0.0,42.86,57.14
30464e3a6341ab562b287697b6210282b1408f2fb24c742e241e78fe592ef0b4,dacic,632,383,60.6,1,0,0,248,0.16,0.0,0.0,39.24,60.76
31ea356f3b694f62fec8add489c3b3347fe9d69d0f6a5eeec733fb5819665f7c,dacic,663,399,60.18,1,0,0,263,0.15,0.0,0.0,39.67,60.33
32dae8e1186ad86ba93b63f5abfddda1de347c5eb3bc7b90b50176e64161e29b,dacic,635,368,57.95,5,0,0,262,0.79,0.0,0.0,41.26,58.74
3377fedc80565206bfbada25601781baec5bbcd71f666f425d572de7495bea58,dacic,105,80,76.19,0,0,0,25,0.0,0.0,0.0,23.81,76.19
338ce8ce57deeb62e1164f8772c781d13629696bae8b55e6f5639fda0e393770,dacic,755,462,61.19,3,0,0,290,0.4,0.0,0.0,38.41,61.59
34e78f36a98dc9f1099dee38e7c9611dde7764e045b27949243b46b8084b6241,dacic,624,346,55.45,3,0,0,275,0.48,0.0,0.0,44.07,55.93
351827392674c7f8f06f0c10bbc9d89418d70b67aba8290db4206f7c084fba96,dacic,752,460,61.17,2,0,0,290,0.27,0.0,0.0,38.56,61.44
37477e72d9e04e3c83d9ee2c82a08e203f93049e4be824d9243148817035aac7,dacic,713,418,58.63,6,0,0,289,0.84,0.0,0.0,40.53,59.47
3950751a9399c4f6ff50c86d7d6a8cd2627d11eba173d450ce966533f8ab8637,dacic,788,466,59.14,3,0,0,319,0.38,0.0,0.0,40.48,59.52
3bc59edd65398021e2e50c9d93be886f1a666490e793301a2442ed79591b1c22,dacic,734,441,60.08,4,0,0,289,0.54,0.0,0.0,39.37,60.63
4135d17fff53496c91c68c5a225b5554551ec52f7f95f497c5f4f3e814ee7a5a,dacic,753,440,58.43,4,0,0,309,0.53,0.0,0.0,41.04,58.96
4388915e6acd4018cd026022905ab36a19d4a843cc394b0b806436c00c136131,dacic,641,387,60.37,1,0,0,253,0.16,0.0,0.0,39.47,60.53
449332bd51e3631a2658b2146c3db895ebb84b07d97dd0f7ca43df572a160663,dacic,734,428,58.31,5,0,0,301,0.68,0.0,0.0,41.01,58.99
4838c5ba6ccb7600ce2dc821323b9a7a0bc71b7ec39f9d1d267275370400580f,dacic,760,468,61.58,3,0,0,289,0.39,0.0,0.0,38.03,61.97
4ae6b88f37a758e1f98f008d551ae0dc19692a34f45bef8dba0e10ef77eae819,dacic,628,359,57.17,2,0,0,267,0.32,0.0,0.0,42.52,57.48
4ca3db2d6f45f610132a95c45977b0099aa51d269f5c7561f61edc944d03fdbe,dacic,635,366,57.64,3,0,0,266,0.47,0.0,0.0,41.89,58.11
4f49a92df988a28bf93d0553434e61fe6ecbee578077cdebfd42217208943a8f,dacic,632,375,59.34,2,0,0,255,0.32,0.0,0.0,40.35,59.65
50ba95dfcbc98f5308ec4a8498b2cc9ed0446c925c1d2048b26d6d10b40fcd49,dacic,754,419,55.57,5,0,0,330,0.66,0.0,0.0,43.77,56.23
51aae3785f7a0e11072601f05c6d193b176d147057217c2bd1b0be15ad26bd11,dacic,662,382,57.7,3,0,0,277,0.45,0.0,0.0,41.84,58.16
53b244a387e902ff0bcc788c8f60f5f9d1bb9d58d2f79c250b521e6589ae2a72,dacic,655,394,60.15,3,0,0,258,0.46,0.0,0.0,39.39,60.61
54cb81843eab0e282267018c01d854a8d447332647286cd4d0ea5adb08b8642c,dacic,1460,901,61.71,2,0,0,557,0.14,0.0,0.0,38.15,61.85
5667eb62dc7625a93993e2739ebe66a9df0b48fde5f64b714dd7cf873f7a2c57,dacic,748,447,59.76,2,0,0,299,0.27,0.0,0.0,39.97,60.03
576db03ee1d019780613b28d4e0b38d34c8ded44c3261b7ccd6d2df800f30bac,dacic,738,446,60.43,3,0,0,289,0.41,0.0,0.0,39.16,60.84
6240e62c55e4a57c978f19383d4c606c4fb6c84664dfacd2a790cfc8042f629a,dacic,627,364,58.05,2,0,0,261,0.32,0.0,0.0,41.63,58.37
625531bdd6f24b002a100007dfc3e65e45eda6aad388e02690a7fff8b17f856f,dacic,608,333,54.77,3,0,0,272,0.49,0.0,0.0,44.74,55.26
631efd523a9a0ce8f58a83bd555dc4757b93ea9e14c69f7fa4eb424f46d698ce,dacic,647,381,58.89,4,0,0,262,0.62,0.0,0.0,40.49,59.51
63e12a12f0d687a4911b326daaa53f8993c41a736d8e2acfecd79385ff0f503e,dacic,747,451,60.37,1,0,0,295,0.13,0.0,0.0,39.49,60.51
645d0fa1c48688d3418cb5089e9061b7e835d9d6fb998cff3ff2be0efd865a97,dacic,748,439,58.69,4,0,0,305,0.53,0.0,0.0,40.78,59.22
6819d6a1c0a41d4ab593335f088e726b5e1187af934a307a7a4db8f1b0d44504,dacic,624,380,60.9,1,0,0,243,0.16,0.0,0.0,38.94,61.06
6a4e4247807e5d51f81d6c24548e774c80e28a14c2b5adfc0fe3caafbfef85db,dacic,738,447,60.57,4,0,0,287,0.54,0.0,0.0,38.89,61.11
6bd38c13596f51d77e5bbd5b23baee4712dcb2ccac16be0935def0c139b1f782,dacic,756,450,59.52,2,0,0,304,0.26,0.0,0.0,40.21,59.79
6d9635d43fde48b1086d5bdbc4362e3f261156e29352f16b77bc1f5e1e6f9b0c,dacic,647,398,61.51,4,0,0,245,0.62,0.0,0.0,37.87,62.13
6de497ac28b09468e771ed5dd9249c9d15108f20d00699815d4cc4ca957523e5,dacic,752,437,58.11,3,0,0,312,0.4,0.0,0.0,41.49,58.51
7547ee2f6f60b388269f0a632455e335c637a5e04aac34d3c8051ee9746b0580,dacic,384,110,28.65,0,0,0,274,0.0,0.0,0.0,71.35,28.65
7a48b5018a4f2421d7e6cec6f527fca2c83e5448d89353f76e8929276064288d,dacic,668,406,60.78,5,0,0,257,0.75,0.0,0.0,38.47,61.53
7e21571894a7636f52acbf9ed01dd00615b5ca7ba7f6777a9456c6ca02a021e0,dacic,634,386,60.88,1,0,0,247,0.16,0.0,0.0,38.96,61.04
7e859df2e687a2f52c017d91bfaaa587c21741bdbc7d3ebd4e10b3021b6aaa06,dacic,738,449,60.84,5,0,0,284,0.68,0.0,0.0,38.48,61.52
7f5505ce48d6fc31153e4597b4d25cf1dea7f47cbd01f0baf471156a98c07a0f,dacic,624,368,58.97,1,0,0,255,0.16,0.0,0.0,40.87,59.13
8191ee3621f2813c94525f896a56d38d51364791a742820f5be44fe45e308201,dacic,658,404,61.4,1,0,0,253,0.15,0.0,0.0,38.45,61.55
848f7bff9a36ed98dea7bb5c1a76dcb9f36b696192c15964b876281e4f9a42d2,dacic,740,445,60.14,5,0,0,290,0.68,0.0,0.0,39.19,60.81
84d9e6c1b43bde466af3f992ad209c73346de750f1d929082d80a174891869c1,dacic,629,379,60.25,2,0,0,248,0.32,0.0,0.0,39.43,60.57
86723bf16f49ab939b31d3b1a86be8f12313d73f6228776d9dd6f66f5aa9d02e,dacic,669,406,60.69,2,0,0,261,0.3,0.0,0.0,39.01,60.99
8772fc8b1840eec6da7c98b8f192cd2ce251e803b00d61070f8e93852c95596d,dacic,660,390,59.09,3,0,0,267,0.45,0.0,0.0,40.45,59.55
8898bea6b5eee87fdcd6c73cc551df02d35ad66ffa87e3d3656cc40ebbb289d5,dacic,645,395,61.24,2,0,0,248,0.31,0.0,0.0,38.45,61.55
8e09f7598d2092ce134e3dced9a53fc8a76304b7f9bc425f2482338e894ec9c4,dacic,773,460,59.51,3,0,0,310,0.39,0.0,0.0,40.1,59.9
8e750c5c1c22b36c4de2372f74c221629718b088ba0ca5af4202566ed45d7058,dacic,384,109,28.39,0,0,0,275,0.0,0.0,0.0,71.61,28.39
8eeb9e94bda4d3530b0444c7e9ea58f98ea20ca97e8c1d9a7402c2c78eed5127,dacic,635,379,59.69,2,0,0,254,0.31,0.0,0.0,40.0,60.0
8fbca7923cb48431574fad00efbfc417329ce9c54a93718fb276f7dd3e126d6a,dacic,705,436,61.84,5,0,0,264,0.71,0.0,0.0,37.45,62.55
93df7bd5db910152fdfc641d2122ad73ef500394889389bbc36b545a73c77195,dacic,376,102,27.13,0,0,0,274,0.0,0.0,0.0,72.87,27.13
965631d51583fdbc01be23fd1dea86ed5f88f0e22123cac2b278482170e22751,dacic,377,102,27.06,0,0,0,275,0.0,0.0,0.0,72.94,27.06
9cefa122dc924acd29ffee121d7125ec8db1fbb2fb6912c9dd9816a31d552be1,dacic,671,390,58.12,0,0,0,281,0.0,0.0,0.0,41.88,58.12
a0d902c6fa9c72ca29994af690b6ce4e54c0867d1f165f4d1f95e7151ba629d0,dacic,645,383,59.38,2,0,0,260,0.31,0.0,0.0,40.31,59.69
a455338ca4abb34cdbfaf39be97ff1e8d87e69ad74496a2f3c6816a25c372cd2,dacic,623,357,57.3,1,0,0,265,0.16,0.0,0.0,42.54,57.46
a475e35480cf64419bf279e0fe32add45b189e64c0de4efe2af121b6bd25be9a,dacic,644,394,61.18,2,0,0,248,0.31,0.0,0.0,38.51,61.49
a61c8c840161d95af5fe65da0759f871e76b23522befb545d4533f2b6a671d7e,dacic,768,461,60.03,3,0,0,304,0.39,0.0,0.0,39.58,60.42
a62280e2e71c8a41bb327a84855c77743fec95158044cb4dbd2cef207f391386,dacic,806,464,57.57,3,0,0,339,0.37,0.0,0.0,42.06,57.94
a640111f9f7f966c5140bdb6d82cf1d17005b1daa471f145e2ac0dcaeab5cfdd,dacic,625,353,56.48,2,0,0,270,0.32,0.0,0.0,43.2,56.8
af77a2735ded2990162d95726fe71a16935809d90281fc37de5c230ffb688a2f,dacic,688,425,61.77,2,0,0,261,0.29,0.0,0.0,37.94,62.06
b1bf29398c64c51abb2b27ce8a7b7be2660dd3e618b20cabd0a87ae4f65522e5,dacic,381,106,27.82,0,0,0,275,0.0,0.0,0.0,72.18,27.82
b5d34ff4fab3c92a6bced343ffa110ccb4b539f6eafdf6cf5f3fcd8bd481a03a,dacic,649,397,61.17,0,0,0,252,0.0,0.0,0.0,38.83,61.17
b6ba4dc743796e3579ed504095d83e97dc398c5e874c4ed873ddd17e5cb6f2c3,dacic,1851,1235,66.72,9,0,0,607,0.49,0.0,0.0,32.79,67.21
b82d6bf8fdad64ffcb5476914c2f6cdbdb0a28da6d0b16aaea91f8779fd3d68c,dacic,375,100,26.67,0,0,0,275,0.0,0.0,0.0,73.33,26.67
bac2e84f45357e8e6951196611f53d85fc6dbed3e4a4230f66dc061a8f1a9c5f,dacic,671,403,60.06,4,0,0,264,0.6,0.0,0.0,39.34,60.66
bad08f068f6f86162cdb571636edbb9cb2757e492d61ebb46c3e81b26b496c11,dacic,380,105,27.63,0,0,0,275,0.0,0.0,0.0,72.37,27.63
c89c0c353fa879cdc5153b0f50a489f8c8c3ab16f4e6314b453389ad3f9fd160,dacic,665,379,56.99,5,0,0,281,0.75,0.0,0.0,42.26,57.74
ce89ed6a78fb2b028cedb4d8f27c766231fb63e4e0aea4ae771c62fe0009d101,dacic,634,393,61.99,4,0,0,237,0.63,0.0,0.0,37.38,62.62
ceab78990ea58ce97c15dcc70835a19334162b396fb28361aa6278dbeba9e30b,dacic,694,439,63.26,3,0,0,252,0.43,0.0,0.0,36.31,63.69
cee4f359e14c61e79ea3a38fa8985b5e41a655672094ac04990944bb2022c7fe,dacic,658,396,60.18,1,0,0,261,0.15,0.0,0.0,39.67,60.33
d48d6d1b5443ca125ecb9d693d2cddcd933757e5b96cd2c163547f50397f0ab3,dacic,650,394,60.62,5,0,0,251,0.77,0.0,0.0,38.62,61.38
d7be4b5572be1156934ec5405a07669e699c1c63e94302f73e7ac273ea62639e,dacic,780,479,61.41,5,0,0,296,0.64,0.0,0.0,37.95,62.05
defa1e5a4b73867527308051567dc6ec58ab0515814fe6ad9a72436149767479,dacic,645,362,56.12,1,0,0,282,0.16,0.0,0.0,43.72,56.28
e25490e7846e48655bf0339f7713568f40a9f21cf5a97ebdbfc4103d131f1421,dacic,11152,8620,77.3,15,0,0,2517,0.13,0.0,0.0,22.57,77.43
e418089a72ef6cd4dafb2b7aaa253d23bcac26e908becffb32324dc3cbd2f858,dacic,632,385,60.92,0,0,0,247,0.0,0.0,0.0,39.08,60.92
ea8ba5e3681fce9182139822df02eb072f3282efea4c8069f7a09752d9c42734,dacic,631,366,58.0,2,0,0,263,0.32,0.0,0.0,41.68,58.32
ed947bcdfd68e8defec90b566666abda203065d607965773c54795b57383e6c7,dacic,156,40,25.64,0,0,0,116,0.0,0.0,0.0,74.36,25.64
f09b8d1e887ec1d21c5e4e8370a08b482de9b4a6d8e49e50432976ceac0cf6aa,dacic,735,448,60.95,4,0,0,283,0.54,0.0,0.0,38.5,61.5
f47fe978efea0e1fda1529b359277d802daaba1049e64cc0a140bbef6bd0fb7b,dacic,755,457,60.53,3,0,0,295,0.4,0.0,0.0,39.07,60.93
f91e52f4f44539dc7227e438003285996a0d056e6ecbfcbeafad80ec5daaba3a,dacic,748,421,56.28,3,0,0,324,0.4,0.0,0.0,43.32,56.68
feba9dbd91e40491ff6ff84c1268514555b80ad62a675e3ac7e63777e04470fb,dacic,624,337,54.01,5,0,0,282,0.8,0.0,0.0,45.19,54.81
042703d29701d4561a4646dde342cc75c00b4f43380e59af8b773b0928650924,redline,110,86,78.18,0,0,0,24,0.0,0.0,0.0,21.82,78.18
067c52b1e38d205d25f5f8bd5778ad6936c87f41bfc5026edd89668826b6223d,redline,375,100,26.67,0,0,0,275,0.0,0.0,0.0,73.33,26.67
0690553cc261bc65f59e9237721a0bac4565e01ce547284389da90fe0131900e,redline,143,119,83.22,0,0,0,24,0.0,0.0,0.0,16.78,83.22
06a0d2d406cbec6caafff9c6535f9753f5619ad636bc2af06d8b8a55c63e10df,redline,376,101,26.86,0,0,0,275,0.0,0.0,0.0,73.14,26.86
0c556f4411fe979215dab0e8f7914e56955a85f9a328f80f1ba65b2c4fb96d8e,redline,119,94,78.99,0,0,0,25,0.0,0.0,0.0,21.01,78.99
0d28e85e7e0ececbee2eef6565476ea9438a47b0d47766ae0497c137b821d787,redline,123,99,80.49,0,0,0,24,0.0,0.0,0.0,19.51,80.49
0d50503786678c096bb723244ecfdb86ed6877dd14a2e853701b1e6a437e6280,redline,438,102,23.29,0,0,0,336,0.0,0.0,0.0,76.71,23.29
106c62ef20516cc7d6d59e3122786fb7e3cf726d98507fb02a2bd3a2d038fdf0,redline,386,102,26.42,0,0,0,284,0.0,0.0,0.0,73.58,26.42
121312c1dcf375ac0ba310f43084b4d185639d615b1183c900a483ad16e92094,redline,401,110,27.43,0,0,0,291,0.0,0.0,0.0,72.57,27.43
150a59db398fbdb168243dd93fb73b787aca0434cee601ed522bdb74c769215a,redline,117,93,79.49,0,0,0,24,0.0,0.0,0.0,20.51,79.49
1551371a8c26e90e3ce229fd4f68351373e6bafcd7cfbe51e4892605bda772d0,redline,452,320,70.8,0,0,0,132,0.0,0.0,0.0,29.2,70.8
1a357d5cf7631ee65676a5c822f4dc7b9643f059187b44cd74ce13eebd67c486,redline,109,85,77.98,0,0,0,24,0.0,0.0,0.0,22.02,77.98
1c4d996df3ed84f4460ed56e65670bdd09d1d4c4daaf3a03ab7336e63a649534,redline,386,111,28.76,0,0,0,275,0.0,0.0,0.0,71.24,28.76
1c504777b4068ad1f5dfded8d823fd3b8ae72430285bb4085cb3c0723e29c4b0,redline,114,90,78.95,0,0,0,24,0.0,0.0,0.0,21.05,78.95
1d47bd41def12d086b2acdbd51023127b45dc0ef3b22f5678f8b0c510f79eba6,redline,380,102,26.84,0,0,0,278,0.0,0.0,0.0,73.16,26.84
1ff8958025b4a8cf0d57fd39cdccb65d1fdc5de7dd10db4e671e523504559f4a,redline,393,115,29.26,0,0,0,278,0.0,0.0,0.0,70.74,29.26
206d89ca9169b1d8cf1df5245d5d04cc61f9cd2ed5ece0d330100ea9a75c9807,redline,375,100,26.67,0,0,0,275,0.0,0.0,0.0,73.33,26.67
21660b1afc287fa8ec9a0fb43ed3b1722dfd205018996e7ccecb254f665f8aae,redline,380,101,26.58,0,0,0,279,0.0,0.0,0.0,73.42,26.58
25ed98009b3401aeb6775e771964594ff65ad8fd7f0d830da8508a4f3869d437,redline,103,79,76.7,0,0,0,24,0.0,0.0,0.0,23.3,76.7
276ec9eac00348bde8a6e767d79db50b6694183d39d1b5b565e6e2bb2b9034f4,redline,372,97,26.08,0,0,0,275,0.0,0.0,0.0,73.92,26.08
3403fca65042a5ae331ba942661e3e74f2033090311e0da1ab794e8aedc8c399,redline,376,101,26.86,0,0,0,275,0.0,0.0,0.0,73.14,26.86
38ac1b6d0d24f2b5edec5949e87ab80431dc9a11d8cd0d383df58b16018c7273,redline,108,84,77.78,0,0,0,24,0.0,0.0,0.0,22.22,77.78
3a448206a36c70cca08b6cc0423cdb1f096c9cb3a99768cae06141f881b4f498,redline,387,113,29.2,0,0,0,274,0.0,0.0,0.0,70.8,29.2
3b28a1a02b86837e7e951ee2862634f921e9be6089ce542eaf4b2a1652c8e7bd,redline,134,110,82.09,0,0,0,24,0.0,0.0,0.0,17.91,82.09
43e9c97290e39e90c51829a1d85b042c49b7f91b51e99c8a0417aa4fa0d196d7,redline,121,96,79.34,0,0,0,25,0.0,0.0,0.0,20.66,79.34
4495ce198dd09c182e507bb6f039f598034d846c6803e7629ad3a582779ecf44,redline,109,85,77.98,0,0,0,24,0.0,0.0,0.0,22.02,77.98
48082da80847e58585e043ab9686c490ef4422986cb46d2ea7e61773bf45e056,redline,119,95,79.83,0,0,0,24,0.0,0.0,0.0,20.17,79.83
4b62c2296736f0d1d6e0f139d02d9671784b5858b7e428ad966c8162ea2be0d8,redline,106,82,77.36,0,0,0,24,0.0,0.0,0.0,22.64,77.36
4d5dcb125af799aff872379946f3a7e2a2385fee1742229be66af19eeacee6c2,redline,109,85,77.98,0,0,0,24,0.0,0.0,0.0,22.02,77.98
51d657df512e7cbe199d7cf51ed7ad922c87df41ed039cca89d19f3c97685af0,redline,115,90,78.26,0,0,0,25,0.0,0.0,0.0,21.74,78.26
547e1a93a2de0cbf03bba505c7a2739bf5f94aceccc7ffeb473ac63291e78895,redline,122,92,75.41,0,0,0,30,0.0,0.0,0.0,24.59,75.41
559aada01f84fe0dc8011fdb8325246ae1468b7286c4bcab518d95f5236a18dc,redline,108,84,77.78,0,0,0,24,0.0,0.0,0.0,22.22,77.78
568901e091dada6684cf320abffb23f8413c43b1f71e90ebd55ee9275c3e48de,redline,138,114,82.61,0,0,0,24,0.0,0.0,0.0,17.39,82.61
56e8ad2b26b6a68006f90a3a41e44f46a0f8e5f97965bb1a0d98c8274ecc8d0c,redline,109,85,77.98,0,0,0,24,0.0,0.0,0.0,22.02,77.98
581ca095c526d9129000fc65b436d202f3e8f7f8b79beba8d3cdc48bd0d5c602,redline,117,93,79.49,0,0,0,24,0.0,0.0,0.0,20.51,79.49
58cb16b794f00f8441d07562d6198c804a0cf18eebc9ee192a4973094cc88e4f,redline,106,82,77.36,0,0,0,24,0.0,0.0,0.0,22.64,77.36
6b4037a48d116b95097079a9abe02e5ef2dfad10eb1b6d6e3ab1fb8d056fe119,redline,117,93,79.49,0,0,0,24,0.0,0.0,0.0,20.51,79.49
6f1ca76d16cf50b6fcf6ce1cff5e3541a6594d8744ffa912bfe1528adc65ab1b,redline,370,95,25.68,0,0,0,275,0.0,0.0,0.0,74.32,25.68
6fa15bdf313e766adf5bb28e44c1e5c1024305515b6750ffafe0469d2050ea61,redline,119,94,78.99,0,0,0,25,0.0,0.0,0.0,21.01,78.99
73482d57d8d95b8f24345ab5a962a845f0b05f455ce4037a716df4ae2ff275c0,redline,1679,1182,70.4,20,3,0,474,1.19,0.18,0.0,28.23,71.59
747ecb7296b0de86e990ff1e83fecc85079e078cf214c778bd2a30be60edfd8e,redline,593,423,71.33,0,0,0,170,0.0,0.0,0.0,28.67,71.33
76668462759315c9354b9422e0550cd3befd34b35f79b87578084dbf44e89dd7,redline,118,94,79.66,0,0,0,24,0.0,0.0,0.0,20.34,79.66
7917c41177e8899a1c61ad77133af340bd3d66f3a5fd2009d879aa154f5e84a9,redline,111,86,77.48,0,0,0,25,0.0,0.0,0.0,22.52,77.48
846615de26ab12a1af3200da2473d24a6c6e00533ef3505183cf316ad274d2fe,redline,380,105,27.63,0,0,0,275,0.0,0.0,0.0,72.37,27.63
8595a17bb8d9bd23576c0835dea9c1bb30d9db94a89f0c7c7927a7f98998c123,redline,119,94,78.99,0,0,0,25,0.0,0.0,0.0,21.01,78.99
88739c7706fab480d0a3aaa62fe1518b7d6c40df7dd24ea00bed06cf263e5bd7,redline,106,82,77.36,0,0,0,24,0.0,0.0,0.0,22.64,77.36
8bfbeb1d5af206f22e7cebfbf339c77962c1c48535035b27ad1e5fc1062489aa,redline,389,110,28.28,0,0,0,279,0.0,0.0,0.0,71.72,28.28
8c8b728237b95b8d69e6d136dc695b3590713ee64604a60f768d8224d4f64725,redline,374,100,26.74,0,0,0,274,0.0,0.0,0.0,73.26,26.74
936128c4e0afc788605c5adbf90043f44883e4f4adc382da6b081b937b635b5b,redline,96,72,75.0,0,0,0,24,0.0,0.0,0.0,25.0,75.0
93735c886f181d6e324bde5828ce65eada30ef259b8606ad28e64baabdce669d,redline,117,93,79.49,0,0,0,24,0.0,0.0,0.0,20.51,79.49
9641fb4f77b56c4110bb56faf002b03f021f7acb2b2153ed468f1ab96b5703ed,redline,105,81,77.14,0,0,0,24,0.0,0.0,0.0,22.86,77.14
9b4109bdca72c95b887b10d90e4162e50786fe38856f0133f2fddad35c15bcf5,redline,109,86,78.9,0,0,0,23,0.0,0.0,0.0,21.1,78.9
9be0387d865bef272b66fe34363fa38f5c4e2be5b6b773526bfc1d14b4791eb9,redline,100,76,76.0,0,0,0,24,0.0,0.0,0.0,24.0,76.0
9f24ac1d22db943bfa6394486340ac0a8f56e655b85308b1317e5423489a7ced,redline,137,113,82.48,0,0,0,24,0.0,0.0,0.0,17.52,82.48
a0ed11766430f0d6aa62c640dfd7516381fee46b35264f5bb8a48327e592fa82,redline,101,77,76.24,0,0,0,24,0.0,0.0,0.0,23.76,76.24
a59f5159b44aa7e6de22213de0875eee977870259853bb8973b7f98cd8aaead6,redline,117,93,79.49,0,0,0,24,0.0,0.0,0.0,20.51,79.49
a5acd45c86eb20baf85dfe16dcf019271d0ab2b42bfe02eab4ecb4e06f45a76d,redline,100,76,76.0,0,0,0,24,0.0,0.0,0.0,24.0,76.0
a72f3c7ec9299793363db42e489419cfcf38c20d9e730916b9b257485cde96eb,redline,118,94,79.66,0,0,0,24,0.0,0.0,0.0,20.34,79.66
a8f54e916ed2d9efb816afad76e1189a829a4317c1e91c4944dfa9fd9e696631,redline,138,114,82.61,0,0,0,24,0.0,0.0,0.0,17.39,82.61
acaa807a6fbac7521256116f532d057a15f0b71db869b235576ddf62724158e8,redline,4341,3025,69.68,5,0,0,1311,0.12,0.0,0.0,30.2,69.8
ae0dfbf89886ecefb560bf41dc7132465d564734b136a1f62a06ecc2415f352d,redline,108,84,77.78,0,0,0,24,0.0,0.0,0.0,22.22,77.78
ae40c90310290f4703918907fbb5c6ed84dd9f88e8231940d3bc695456741fdd,redline,106,82,77.36,0,0,0,24,0.0,0.0,0.0,22.64,77.36
af1f2b1886a7d3cbec3258cc7d409cfdfa12dc98f342b40bb292dd2db423be71,redline,380,105,27.63,0,0,0,275,0.0,0.0,0.0,72.37,27.63
af3c6399982b449edcb300b02c8a66921b00bfff63ce94af22c677856ffccede,redline,116,92,79.31,0,0,0,24,0.0,0.0,0.0,20.69,79.31
af60086592adfaf5ec65c69085a2688792b0c92a1509e9f27aabdcb20969dbbb,redline,411,109,26.52,0,0,0,302,0.0,0.0,0.0,73.48,26.52
afb31fe2fd178ed1468e281933e79957bafa001e875b7008965e26b8d3868898,redline,380,105,27.63,0,0,0,275,0.0,0.0,0.0,72.37,27.63
b6d938fc1184448513a173888740c48a77a04b368cb79b720bf83e9b21e9b242,redline,113,90,79.65,0,0,0,23,0.0,0.0,0.0,20.35,79.65
babd836631e288a3898e6b871ded792269de5c0014085887296a642d03a14d1d,redline,102,78,76.47,0,0,0,24,0.0,0.0,0.0,23.53,76.47
bd89f4b987e4e8cc7525b72546e690d2864966d802fd77bc37e81b52b4516446,redline,100,76,76.0,0,0,0,24,0.0,0.0,0.0,24.0,76.0
c1cfacdb58118e9d7766a5621dd7d9b0a6f50db8bd59b6fc694c109ecb001d42,redline,136,112,82.35,0,0,0,24,0.0,0.0,0.0,17.65,82.35
c2135daa85b4be7b7e17624ebf3919789052a29d9aef41c86dabed291a283b3b,redline,2605,1624,62.34,21,4,0,956,0.81,0.15,0.0,36.7,63.15
c2bc49b59e5e1db1de343f8bbb545e4810d90ddbf098b3e8fc57b28aa3141b88,redline,123,99,80.49,0,0,0,24,0.0,0.0,0.0,19.51,80.49
c47365af2b67ea507a090894f5c199eec789f11c00aa02f5d309c4c200c88f31,redline,102,78,76.47,0,0,0,24,0.0,0.0,0.0,23.53,76.47
ca95b945b3d24dc7aaee68840fd86ad7c870bfcebbbf781976608643edf852a9,redline,375,100,26.67,0,0,0,275,0.0,0.0,0.0,73.33,26.67
cb0d7efc51da225943743f0055cdf3584ad5d4f3a855150eb0bad8697e579433,redline,116,92,79.31,0,0,0,24,0.0,0.0,0.0,20.69,79.31
cb44d697cd120c0f9098e0b9b7faf2f5f67d5f426dfb225db47ee62684e45443,redline,135,111,82.22,0,0,0,24,0.0,0.0,0.0,17.78,82.22
cf3230c67aeff72f9430821fac171222d1228921c6b07116d8fc14a976fd7d55,redline,105,81,77.14,0,0,0,24,0.0,0.0,0.0,22.86,77.14
cf4fa9c480473d3419eb68f584d29de06dab99400ecfd2557100617ab7490c1d,redline,109,85,77.98,0,0,0,24,0.0,0.0,0.0,22.02,77.98
cf5049aaa76c4b36bf8698afc7835ce9feb208eae6437f86c84e3421911ccbec,redline,128,104,81.25,0,0,0,24,0.0,0.0,0.0,18.75,81.25
d1760389b88d25a81155092b1e83e5d674a1e11257276bc8fce720fd62320c58,redline,133,109,81.95,0,0,0,24,0.0,0.0,0.0,18.05,81.95
d17f52b01a54857a0d5f02499b7bcdf623e73a6bd8a6d0f363edcb77c02f20fe,redline,120,96,80.0,0,0,0,24,0.0,0.0,0.0,20.0,80.0
d213d41eec83394b49776b106eed246b7f7b8a460e195355122c2ed15df4de42,redline,97,73,75.26,0,0,0,24,0.0,0.0,0.0,24.74,75.26
d4727dba9a619e5039e2f3af4625f32335c28b309881359e6fe61af9c1240809,redline,109,85,77.98,0,0,0,24,0.0,0.0,0.0,22.02,77.98
d685952efbbd0aaf4155529b459c57cd3dd1d175419fa85fe4c2a4d7163fde45,redline,1267,1009,79.64,0,0,0,258,0.0,0.0,0.0,20.36,79.64
d6b8e3a14e9600c7bf74608c1a9502b39fe8997f1e0dc84189a0576d90aadd53,redline,2276,1679,73.77,23,0,0,574,1.01,0.0,0.0,25.22,74.78
d885c60366464c7d4584a206a98c717906c245512c267cfef69de87e0d3bb3f4,redline,380,101,26.58,0,0,0,279,0.0,0.0,0.0,73.42,26.58
d8b5a3960f5aef160acf99aa6e004c428bc67265c7e559b2955d81b050f367c5,redline,137,113,82.48,0,0,0,24,0.0,0.0,0.0,17.52,82.48
da8fcde10abb4d4a5fcf819e839811667795a72a48b07dad24d68f92eca2991e,redline,105,81,77.14,0,0,0,24,0.0,0.0,0.0,22.86,77.14
dc9800714729a51a4d877748ad4b6a689db0603e0a21b389270b02fc0afede56,redline,104,80,76.92,0,0,0,24,0.0,0.0,0.0,23.08,76.92
de8f7c869fc3ae5c5ceeb9b472b002c0e56bd3dfc933339920ecb94a2fa338f3,redline,139,115,82.73,0,0,0,24,0.0,0.0,0.0,17.27,82.73
defc8629ec568833c618b6fe81ac45ff7908bb553b2811850a2e7f2e60b446b8,redline,111,87,78.38,0,0,0,24,0.0,0.0,0.0,21.62,78.38
df9fcdd73be0b7d20ed5f288257dcf342a789907894ee66c77fc0e0928fe9d52,redline,141,116,82.27,0,0,0,25,0.0,0.0,0.0,17.73,82.27
e166bdcfe26090d11b0481f8712af12f17d6ee6c8320464d672e44178a78585c,redline,446,115,25.78,0,0,0,331,0.0,0.0,0.0,74.22,25.78
e42ad0e70feca06dc6ef1b8f01c86c3e9d594a879af18ee6519b90092b240412,redline,141,117,82.98,0,0,0,24,0.0,0.0,0.0,17.02,82.98
eced7d49892ae24499f3838dea71e76eaeb9e357631a050a95ce4366b20c1759,redline,101,77,76.24,0,0,0,24,0.0,0.0,0.0,23.76,76.24
f0caa5f0ebfec42a5dfcb413e807494783cba4ef35bc8497ba8aae25cc3dedcc,redline,139,115,82.73,0,0,0,24,0.0,0.0,0.0,17.27,82.73
f2c5ddc3419a950c3982431685406152d0462ff8e6e44eac77ba23a76ddc8193,redline,428,100,23.36,0,0,0,328,0.0,0.0,0.0,76.64,23.36
f34b0e06956462e632fb7d04bd860e728f91663cc9b96bfa5aca793010660883,redline,429,101,23.54,0,0,0,328,0.0,0.0,0.0,76.46,23.54
fa6c52d3367a4db4f2cb6dc8d3dc9d548289adb065a601bf33905706b8297aba,redline,104,80,76.92,0,0,0,24,0.0,0.0,0.0,23.08,76.92
fc3a86bffbf5f77312ebabc81f19765b3f42edc3f7f8e59541d1f88163e59152,redline,117,93,79.49,0,0,0,24,0.0,0.0,0.0,20.51,79.49
