sample_id,family,event_id,count_raw,count_corrected,transforms_applied
21660b1afc287fa8ec9a0fb43ed3b1722dfd205018996e7ccecb254f665f8aae,redline,1,1,0,0
21660b1afc287fa8ec9a0fb43ed3b1722dfd205018996e7ccecb254f665f8aae,redline,11,15,7,20
21660b1afc287fa8ec9a0fb43ed3b1722dfd205018996e7ccecb254f665f8aae,redline,12,45,0,20
21660b1afc287fa8ec9a0fb43ed3b1722dfd205018996e7ccecb254f665f8aae,redline,13,1,0,20
21660b1afc287fa8ec9a0fb43ed3b1722dfd205018996e7ccecb254f665f8aae,redline,23,13,13,20
0d28e85e7e0ececbee2eef6565476ea9438a47b0d47766ae0497c137b821d787,redline,1,1,0,0
0d28e85e7e0ececbee2eef6565476ea9438a47b0d47766ae0497c137b821d787,redline,11,16,8,40
0d28e85e7e0ececbee2eef6565476ea9438a47b0d47766ae0497c137b821d787,redline,12,55,0,40
0d28e85e7e0ececbee2eef6565476ea9438a47b0d47766ae0497c137b821d787,redline,13,1,0,40
0d28e85e7e0ececbee2eef6565476ea9438a47b0d47766ae0497c137b821d787,redline,23,32,32,40
88739c7706fab480d0a3aaa62fe1518b7d6c40df7dd24ea00bed06cf263e5bd7,redline,1,1,0,0
88739c7706fab480d0a3aaa62fe1518b7d6c40df7dd24ea00bed06cf263e5bd7,redline,11,16,8,29
88739c7706fab480d0a3aaa62fe1518b7d6c40df7dd24ea00bed06cf263e5bd7,redline,12,55,0,29
88739c7706fab480d0a3aaa62fe1518b7d6c40df7dd24ea00bed06cf263e5bd7,redline,13,1,0,29
88739c7706fab480d0a3aaa62fe1518b7d6c40df7dd24ea00bed06cf263e5bd7,redline,23,21,21,29
d8b5a3960f5aef160acf99aa6e004c428bc67265c7e559b2955d81b050f367c5,redline,1,1,0,0
d8b5a3960f5aef160acf99aa6e004c428bc67265c7e559b2955d81b050f367c5,redline,11,16,8,59
d8b5a3960f5aef160acf99aa6e004c428bc67265c7e559b2955d81b050f367c5,redline,12,55,0,59
d8b5a3960f5aef160acf99aa6e004c428bc67265c7e559b2955d81b050f367c5,redline,13,1,0,59
d8b5a3960f5aef160acf99aa6e004c428bc67265c7e559b2955d81b050f367c5,redline,23,51,51,59
8bfbeb1d5af206f22e7cebfbf339c77962c1c48535035b27ad1e5fc1062489aa,redline,1,1,0,0
8bfbeb1d5af206f22e7cebfbf339c77962c1c48535035b27ad1e5fc1062489aa,redline,11,15,7,26
8bfbeb1d5af206f22e7cebfbf339c77962c1c48535035b27ad1e5fc1062489aa,redline,12,45,0,26
8bfbeb1d5af206f22e7cebfbf339c77962c1c48535035b27ad1e5fc1062489aa,redline,13,1,0,26
8bfbeb1d5af206f22e7cebfbf339c77962c1c48535035b27ad1e5fc1062489aa,redline,23,19,19,26
1551371a8c26e90e3ce229fd4f68351373e6bafcd7cfbe51e4892605bda772d0,redline,1,1,0,0
1551371a8c26e90e3ce229fd4f68351373e6bafcd7cfbe51e4892605bda772d0,redline,11,23,8,8
1551371a8c26e90e3ce229fd4f68351373e6bafcd7cfbe51e4892605bda772d0,redline,12,16,0,8
e42ad0e70feca06dc6ef1b8f01c86c3e9d594a879af18ee6519b90092b240412,redline,1,1,0,0
e42ad0e70feca06dc6ef1b8f01c86c3e9d594a879af18ee6519b90092b240412,redline,11,16,8,59
e42ad0e70feca06dc6ef1b8f01c86c3e9d594a879af18ee6519b90092b240412,redline,12,55,0,59
e42ad0e70feca06dc6ef1b8f01c86c3e9d594a879af18ee6519b90092b240412,redline,13,1,0,59
e42ad0e70feca06dc6ef1b8f01c86c3e9d594a879af18ee6519b90092b240412,redline,23,51,51,59
af1f2b1886a7d3cbec3258cc7d409cfdfa12dc98f342b40bb292dd2db423be71,redline,1,1,0,0
af1f2b1886a7d3cbec3258cc7d409cfdfa12dc98f342b40bb292dd2db423be71,redline,11,15,7,22
af1f2b1886a7d3cbec3258cc7d409cfdfa12dc98f342b40bb292dd2db423be71,redline,12,45,0,22
af1f2b1886a7d3cbec3258cc7d409cfdfa12dc98f342b40bb292dd2db423be71,redline,13,1,0,22
af1f2b1886a7d3cbec3258cc7d409cfdfa12dc98f342b40bb292dd2db423be71,redline,23,15,15,22
747ecb7296b0de86e990ff1e83fecc85079e078cf214c778bd2a30be60edfd8e,redline,1,1,0,0
747ecb7296b0de86e990ff1e83fecc85079e078cf214c778bd2a30be60edfd8e,redline,11,27,10,10
747ecb7296b0de86e990ff1e83fecc85079e078cf214c778bd2a30be60edfd8e,redline,12,2,0,10
cf4fa9c480473d3419eb68f584d29de06dab99400ecfd2557100617ab7490c1d,redline,1,1,0,0
cf4fa9c480473d3419eb68f584d29de06dab99400ecfd2557100617ab7490c1d,redline,11,16,8,32
cf4fa9c480473d3419eb68f584d29de06dab99400ecfd2557100617ab7490c1d,redline,12,55,0,32
cf4fa9c480473d3419eb68f584d29de06dab99400ecfd2557100617ab7490c1d,redline,13,1,0,32
cf4fa9c480473d3419eb68f584d29de06dab99400ecfd2557100617ab7490c1d,redline,23,24,24,32
06a0d2d406cbec6caafff9c6535f9753f5619ad636bc2af06d8b8a55c63e10df,redline,1,1,0,0
06a0d2d406cbec6caafff9c6535f9753f5619ad636bc2af06d8b8a55c63e10df,redline,11,15,7,17
06a0d2d406cbec6caafff9c6535f9753f5619ad636bc2af06d8b8a55c63e10df,redline,12,45,0,17
06a0d2d406cbec6caafff9c6535f9753f5619ad636bc2af06d8b8a55c63e10df,redline,13,1,0,17
06a0d2d406cbec6caafff9c6535f9753f5619ad636bc2af06d8b8a55c63e10df,redline,23,10,10,17
f0caa5f0ebfec42a5dfcb413e807494783cba4ef35bc8497ba8aae25cc3dedcc,redline,1,1,0,0
f0caa5f0ebfec42a5dfcb413e807494783cba4ef35bc8497ba8aae25cc3dedcc,redline,11,16,8,59
f0caa5f0ebfec42a5dfcb413e807494783cba4ef35bc8497ba8aae25cc3dedcc,redline,12,55,0,59
f0caa5f0ebfec42a5dfcb413e807494783cba4ef35bc8497ba8aae25cc3dedcc,redline,13,1,0,59
f0caa5f0ebfec42a5dfcb413e807494783cba4ef35bc8497ba8aae25cc3dedcc,redline,23,51,51,59
9b4109bdca72c95b887b10d90e4162e50786fe38856f0133f2fddad35c15bcf5,redline,1,1,0,0
9b4109bdca72c95b887b10d90e4162e50786fe38856f0133f2fddad35c15bcf5,redline,11,16,8,32
9b4109bdca72c95b887b10d90e4162e50786fe38856f0133f2fddad35c15bcf5,redline,12,55,0,32
9b4109bdca72c95b887b10d90e4162e50786fe38856f0133f2fddad35c15bcf5,redline,13,1,0,32
9b4109bdca72c95b887b10d90e4162e50786fe38856f0133f2fddad35c15bcf5,redline,23,24,24,32
4d5dcb125af799aff872379946f3a7e2a2385fee1742229be66af19eeacee6c2,redline,1,1,0,0
4d5dcb125af799aff872379946f3a7e2a2385fee1742229be66af19eeacee6c2,redline,11,16,8,32
4d5dcb125af799aff872379946f3a7e2a2385fee1742229be66af19eeacee6c2,redline,12,55,0,32
4d5dcb125af799aff872379946f3a7e2a2385fee1742229be66af19eeacee6c2,redline,13,1,0,32
4d5dcb125af799aff872379946f3a7e2a2385fee1742229be66af19eeacee6c2,redline,23,24,24,32
8595a17bb8d9bd23576c0835dea9c1bb30d9db94a89f0c7c7927a7f98998c123,redline,1,1,0,0
8595a17bb8d9bd23576c0835dea9c1bb30d9db94a89f0c7c7927a7f98998c123,redline,11,16,8,40
8595a17bb8d9bd23576c0835dea9c1bb30d9db94a89f0c7c7927a7f98998c123,redline,12,55,0,40
8595a17bb8d9bd23576c0835dea9c1bb30d9db94a89f0c7c7927a7f98998c123,redline,13,1,0,40
8595a17bb8d9bd23576c0835dea9c1bb30d9db94a89f0c7c7927a7f98998c123,redline,23,32,32,40
cf3230c67aeff72f9430821fac171222d1228921c6b07116d8fc14a976fd7d55,redline,1,1,0,0
cf3230c67aeff72f9430821fac171222d1228921c6b07116d8fc14a976fd7d55,redline,11,16,8,28
cf3230c67aeff72f9430821fac171222d1228921c6b07116d8fc14a976fd7d55,redline,12,55,0,28
cf3230c67aeff72f9430821fac171222d1228921c6b07116d8fc14a976fd7d55,redline,13,1,0,28
cf3230c67aeff72f9430821fac171222d1228921c6b07116d8fc14a976fd7d55,redline,23,20,20,28
559aada01f84fe0dc8011fdb8325246ae1468b7286c4bcab518d95f5236a18dc,redline,1,1,0,0
559aada01f84fe0dc8011fdb8325246ae1468b7286c4bcab518d95f5236a18dc,redline,11,16,8,31
559aada01f84fe0dc8011fdb8325246ae1468b7286c4bcab518d95f5236a18dc,redline,12,55,0,31
559aada01f84fe0dc8011fdb8325246ae1468b7286c4bcab518d95f5236a18dc,redline,13,1,0,31
559aada01f84fe0dc8011fdb8325246ae1468b7286c4bcab518d95f5236a18dc,redline,23,23,23,31
d4727dba9a619e5039e2f3af4625f32335c28b309881359e6fe61af9c1240809,redline,1,1,0,0
d4727dba9a619e5039e2f3af4625f32335c28b309881359e6fe61af9c1240809,redline,11,16,8,32
d4727dba9a619e5039e2f3af4625f32335c28b309881359e6fe61af9c1240809,redline,12,55,0,32
d4727dba9a619e5039e2f3af4625f32335c28b309881359e6fe61af9c1240809,redline,13,1,0,32
d4727dba9a619e5039e2f3af4625f32335c28b309881359e6fe61af9c1240809,redline,23,24,24,32
da8fcde10abb4d4a5fcf819e839811667795a72a48b07dad24d68f92eca2991e,redline,1,1,0,0
da8fcde10abb4d4a5fcf819e839811667795a72a48b07dad24d68f92eca2991e,redline,11,16,8,28
da8fcde10abb4d4a5fcf819e839811667795a72a48b07dad24d68f92eca2991e,redline,12,55,0,28
da8fcde10abb4d4a5fcf819e839811667795a72a48b07dad24d68f92eca2991e,redline,13,1,0,28
da8fcde10abb4d4a5fcf819e839811667795a72a48b07dad24d68f92eca2991e,redline,23,20,20,28
1c4d996df3ed84f4460ed56e65670bdd09d1d4c4daaf3a03ab7336e63a649534,redline,1,1,0,0
1c4d996df3ed84f4460ed56e65670bdd09d1d4c4daaf3a03ab7336e63a649534,redline,11,15,7,30
1c4d996df3ed84f4460ed56e65670bdd09d1d4c4daaf3a03ab7336e63a649534,redline,12,45,0,30
1c4d996df3ed84f4460ed56e65670bdd09d1d4c4daaf3a03ab7336e63a649534,redline,13,1,0,30
1c4d996df3ed84f4460ed56e65670bdd09d1d4c4daaf3a03ab7336e63a649534,redline,23,23,23,30
3bcc7e2a22fd283ad188e24bd4dd4cc6180f2fc907de59cc3c952b89507bfed0,agenttesla,1,1,0,0
3bcc7e2a22fd283ad188e24bd4dd4cc6180f2fc907de59cc3c952b89507bfed0,agenttesla,11,77,43,43
3bcc7e2a22fd283ad188e24bd4dd4cc6180f2fc907de59cc3c952b89507bfed0,agenttesla,12,778,0,43
b483fa2b04ee2305e50ec070450c43c4feef6d98a30f01aa1f003f11ffad2aa4,agenttesla,1,1,0,0
b483fa2b04ee2305e50ec070450c43c4feef6d98a30f01aa1f003f11ffad2aa4,agenttesla,11,223,180,180
b483fa2b04ee2305e50ec070450c43c4feef6d98a30f01aa1f003f11ffad2aa4,agenttesla,12,768,0,180
a01885eaecb0c9f8f63f0cd8d935e374f339c0e42f392885ab765f2b78977a2b,agenttesla,1,1,0,0
a01885eaecb0c9f8f63f0cd8d935e374f339c0e42f392885ab765f2b78977a2b,agenttesla,11,112,70,71
a01885eaecb0c9f8f63f0cd8d935e374f339c0e42f392885ab765f2b78977a2b,agenttesla,12,3583,0,71
a01885eaecb0c9f8f63f0cd8d935e374f339c0e42f392885ab765f2b78977a2b,agenttesla,13,8,0,71
a01885eaecb0c9f8f63f0cd8d935e374f339c0e42f392885ab765f2b78977a2b,agenttesla,23,1,1,71
34bfed7f2450542d851b696685ed0a43438683a54f1756a947119d7258a4adb1,agenttesla,1,1,0,0
34bfed7f2450542d851b696685ed0a43438683a54f1756a947119d7258a4adb1,agenttesla,11,203,172,172
34bfed7f2450542d851b696685ed0a43438683a54f1756a947119d7258a4adb1,agenttesla,12,523,0,172
14a69b15aa430be2251215742e97972393b529833bdf771c0a4ca67b63bd999a,agenttesla,1,1,0,0
14a69b15aa430be2251215742e97972393b529833bdf771c0a4ca67b63bd999a,agenttesla,11,121,73,74
14a69b15aa430be2251215742e97972393b529833bdf771c0a4ca67b63bd999a,agenttesla,12,3554,0,74
14a69b15aa430be2251215742e97972393b529833bdf771c0a4ca67b63bd999a,agenttesla,13,8,0,74
14a69b15aa430be2251215742e97972393b529833bdf771c0a4ca67b63bd999a,agenttesla,23,1,1,74
e77034ca0f5612915367f7d97ba20d7452594622ce20078eee74df276173ef47,agenttesla,1,1,0,0
e77034ca0f5612915367f7d97ba20d7452594622ce20078eee74df276173ef47,agenttesla,11,248,207,207
e77034ca0f5612915367f7d97ba20d7452594622ce20078eee74df276173ef47,agenttesla,12,2536,0,207
97289b7b81716c422ed44dc42d80db0ba56989bff3a879d31a28b935686475bf,agenttesla,1,1,0,0
97289b7b81716c422ed44dc42d80db0ba56989bff3a879d31a28b935686475bf,agenttesla,11,222,179,179
97289b7b81716c422ed44dc42d80db0ba56989bff3a879d31a28b935686475bf,agenttesla,12,750,0,179
4b9f0cd6e0662d7ae5100f518f3d82a1d0ead105247e12bd375c21680c59198c,agenttesla,1,1,0,0
4b9f0cd6e0662d7ae5100f518f3d82a1d0ead105247e12bd375c21680c59198c,agenttesla,11,70,41,41
4b9f0cd6e0662d7ae5100f518f3d82a1d0ead105247e12bd375c21680c59198c,agenttesla,12,1064,0,41
4b9f0cd6e0662d7ae5100f518f3d82a1d0ead105247e12bd375c21680c59198c,agenttesla,13,8,0,41
38a9f881eb28d8f75c2c21a9cb4de15e472866346c747c480e8e6ec485982067,agenttesla,1,1,0,0
38a9f881eb28d8f75c2c21a9cb4de15e472866346c747c480e8e6ec485982067,agenttesla,11,204,171,171
38a9f881eb28d8f75c2c21a9cb4de15e472866346c747c480e8e6ec485982067,agenttesla,12,512,0,171
e33e4865fd5388cb8d3b67d1919d3ec2ee596463012327798fed93a2a282e4bb,agenttesla,1,1,0,0
e33e4865fd5388cb8d3b67d1919d3ec2ee596463012327798fed93a2a282e4bb,agenttesla,11,222,179,179
e33e4865fd5388cb8d3b67d1919d3ec2ee596463012327798fed93a2a282e4bb,agenttesla,12,751,0,179
a2e1d3ac58e834c9a692b6d4637a1663e54fcef7c876ba31401ba1aa76d0df22,agenttesla,1,1,0,0
a2e1d3ac58e834c9a692b6d4637a1663e54fcef7c876ba31401ba1aa76d0df22,agenttesla,11,122,74,75
a2e1d3ac58e834c9a692b6d4637a1663e54fcef7c876ba31401ba1aa76d0df22,agenttesla,12,3546,0,75
a2e1d3ac58e834c9a692b6d4637a1663e54fcef7c876ba31401ba1aa76d0df22,agenttesla,13,8,0,75
a2e1d3ac58e834c9a692b6d4637a1663e54fcef7c876ba31401ba1aa76d0df22,agenttesla,23,1,1,75
65ad076012248dc504abe8812d6b4d2128a0aa7c3de0857a0c836e6e33497347,agenttesla,1,1,0,0
65ad076012248dc504abe8812d6b4d2128a0aa7c3de0857a0c836e6e33497347,agenttesla,11,69,37,37
65ad076012248dc504abe8812d6b4d2128a0aa7c3de0857a0c836e6e33497347,agenttesla,12,771,0,37
f15efc199baae5de89401024d42aa136fe03c1cfbea1c8eba689a5e832d83289,agenttesla,1,1,0,0
f15efc199baae5de89401024d42aa136fe03c1cfbea1c8eba689a5e832d83289,agenttesla,11,203,172,172
f15efc199baae5de89401024d42aa136fe03c1cfbea1c8eba689a5e832d83289,agenttesla,12,765,0,172
693c258cb5620f7e8714d4afc7215e2c7dc16872265148341db23b639906eecb,agenttesla,1,1,0,0
693c258cb5620f7e8714d4afc7215e2c7dc16872265148341db23b639906eecb,agenttesla,11,68,36,36
693c258cb5620f7e8714d4afc7215e2c7dc16872265148341db23b639906eecb,agenttesla,12,777,0,36
5c9e41c57fc02e8a6832d92888f838a455e75ce93c833f2b730376a11f0040e9,agenttesla,1,1,0,0
5c9e41c57fc02e8a6832d92888f838a455e75ce93c833f2b730376a11f0040e9,agenttesla,11,66,38,38
5c9e41c57fc02e8a6832d92888f838a455e75ce93c833f2b730376a11f0040e9,agenttesla,12,1041,0,38
5c9e41c57fc02e8a6832d92888f838a455e75ce93c833f2b730376a11f0040e9,agenttesla,13,8,0,38
104ef2e1223676a6d315da9de43b53286de58d5a390cb6d8c0ef391e7ee23a86,agenttesla,1,1,0,0
104ef2e1223676a6d315da9de43b53286de58d5a390cb6d8c0ef391e7ee23a86,agenttesla,11,229,183,183
104ef2e1223676a6d315da9de43b53286de58d5a390cb6d8c0ef391e7ee23a86,agenttesla,12,762,0,183
ce683b26018a84f023bcb4b52378b88f5fea654c50a42aa136ef47b67898fb40,agenttesla,1,1,0,0
ce683b26018a84f023bcb4b52378b88f5fea654c50a42aa136ef47b67898fb40,agenttesla,11,119,52,52
ce683b26018a84f023bcb4b52378b88f5fea654c50a42aa136ef47b67898fb40,agenttesla,12,1147,0,52
ce683b26018a84f023bcb4b52378b88f5fea654c50a42aa136ef47b67898fb40,agenttesla,13,14,0,52
6d6a1f154c6ae1d70ede87fb06b8588807f50b33315fe4dbfbef9126b18f3bc2,agenttesla,1,1,0,0
6d6a1f154c6ae1d70ede87fb06b8588807f50b33315fe4dbfbef9126b18f3bc2,agenttesla,11,80,44,44
6d6a1f154c6ae1d70ede87fb06b8588807f50b33315fe4dbfbef9126b18f3bc2,agenttesla,12,524,0,44
85b3c9f10a8f1e3aee3d393260f82c7dcf8d23dcd899117f0394f6a9f0fdc7fd,agenttesla,1,1,0,0
85b3c9f10a8f1e3aee3d393260f82c7dcf8d23dcd899117f0394f6a9f0fdc7fd,agenttesla,11,223,180,180
85b3c9f10a8f1e3aee3d393260f82c7dcf8d23dcd899117f0394f6a9f0fdc7fd,agenttesla,12,751,0,180
18fd6b193be1d5416a3188f5d9e4047cca719fa067d7d0169cf2df5c7fed54c0,amadey,1,1,0,0
18fd6b193be1d5416a3188f5d9e4047cca719fa067d7d0169cf2df5c7fed54c0,amadey,11,161,134,178
18fd6b193be1d5416a3188f5d9e4047cca719fa067d7d0169cf2df5c7fed54c0,amadey,12,358,0,178
18fd6b193be1d5416a3188f5d9e4047cca719fa067d7d0169cf2df5c7fed54c0,amadey,23,44,44,178
6db69d1dbd4dbe1108a05955d03052864c7acf3165d0ddbfad7e4156c37a0bd8,amadey,1,1,0,0
6db69d1dbd4dbe1108a05955d03052864c7acf3165d0ddbfad7e4156c37a0bd8,amadey,11,16,8,36
6db69d1dbd4dbe1108a05955d03052864c7acf3165d0ddbfad7e4156c37a0bd8,amadey,12,55,0,36
6db69d1dbd4dbe1108a05955d03052864c7acf3165d0ddbfad7e4156c37a0bd8,amadey,13,1,0,36
6db69d1dbd4dbe1108a05955d03052864c7acf3165d0ddbfad7e4156c37a0bd8,amadey,23,28,28,36
6932aa2b259a43e44dd5ba561ff61db50480ae95aa6fbab7d875e411fd74befc,amadey,1,1,0,0
6932aa2b259a43e44dd5ba561ff61db50480ae95aa6fbab7d875e411fd74befc,amadey,11,108,66,66
6932aa2b259a43e44dd5ba561ff61db50480ae95aa6fbab7d875e411fd74befc,amadey,12,1823,0,66
30c8c226fbe1ec0bda70541cd36c632e937182e0a55b639c4f26d2340868f481,amadey,1,1,0,0
30c8c226fbe1ec0bda70541cd36c632e937182e0a55b639c4f26d2340868f481,amadey,11,42,18,32
30c8c226fbe1ec0bda70541cd36c632e937182e0a55b639c4f26d2340868f481,amadey,12,590,0,32
30c8c226fbe1ec0bda70541cd36c632e937182e0a55b639c4f26d2340868f481,amadey,13,1,0,32
30c8c226fbe1ec0bda70541cd36c632e937182e0a55b639c4f26d2340868f481,amadey,23,14,14,32
e108ff127816c7473b4288f40bd13567a985e223950fa93d9ab0d43aeb8ec658,amadey,1,1,0,0
e108ff127816c7473b4288f40bd13567a985e223950fa93d9ab0d43aeb8ec658,amadey,11,85,47,61
e108ff127816c7473b4288f40bd13567a985e223950fa93d9ab0d43aeb8ec658,amadey,12,615,0,61
e108ff127816c7473b4288f40bd13567a985e223950fa93d9ab0d43aeb8ec658,amadey,13,2,0,61
e108ff127816c7473b4288f40bd13567a985e223950fa93d9ab0d43aeb8ec658,amadey,23,14,14,61
4e4eed16b3a6b4c9f1168745b8268765a9b7a0b5c557cc7e2975c24940eed32d,amadey,1,1,0,0
4e4eed16b3a6b4c9f1168745b8268765a9b7a0b5c557cc7e2975c24940eed32d,amadey,11,16,8,33
4e4eed16b3a6b4c9f1168745b8268765a9b7a0b5c557cc7e2975c24940eed32d,amadey,12,55,0,33
4e4eed16b3a6b4c9f1168745b8268765a9b7a0b5c557cc7e2975c24940eed32d,amadey,13,1,0,33
4e4eed16b3a6b4c9f1168745b8268765a9b7a0b5c557cc7e2975c24940eed32d,amadey,23,25,25,33
074dfa8168d74a7af03ded4012ec5fb0d12a03280903bd5c7fde7f842172670e,amadey,1,1,0,0
074dfa8168d74a7af03ded4012ec5fb0d12a03280903bd5c7fde7f842172670e,amadey,11,16,8,20
074dfa8168d74a7af03ded4012ec5fb0d12a03280903bd5c7fde7f842172670e,amadey,12,206,0,20
074dfa8168d74a7af03ded4012ec5fb0d12a03280903bd5c7fde7f842172670e,amadey,13,1,0,20
074dfa8168d74a7af03ded4012ec5fb0d12a03280903bd5c7fde7f842172670e,amadey,23,12,12,20
c2dde09d415c9a9cee697b38102054fcf775c3e2880ba4593929311da994dd11,amadey,1,1,0,0
c2dde09d415c9a9cee697b38102054fcf775c3e2880ba4593929311da994dd11,amadey,11,80,42,56
c2dde09d415c9a9cee697b38102054fcf775c3e2880ba4593929311da994dd11,amadey,12,971,0,56
c2dde09d415c9a9cee697b38102054fcf775c3e2880ba4593929311da994dd11,amadey,13,12,0,56
c2dde09d415c9a9cee697b38102054fcf775c3e2880ba4593929311da994dd11,amadey,23,14,14,56
c82d2fce74ea779ecf9d29ba5e371111917a7724b72a321406755a97434b6b9b,amadey,1,1,0,0
c82d2fce74ea779ecf9d29ba5e371111917a7724b72a321406755a97434b6b9b,amadey,11,48,22,36
c82d2fce74ea779ecf9d29ba5e371111917a7724b72a321406755a97434b6b9b,amadey,12,832,0,36
c82d2fce74ea779ecf9d29ba5e371111917a7724b72a321406755a97434b6b9b,amadey,13,7,0,36
c82d2fce74ea779ecf9d29ba5e371111917a7724b72a321406755a97434b6b9b,amadey,23,14,14,36
767b03b1909c858a948371ed7791ff0c0629e5e4c7d60f97900b1fc27485103a,amadey,1,1,0,0
767b03b1909c858a948371ed7791ff0c0629e5e4c7d60f97900b1fc27485103a,amadey,11,12,3,3
767b03b1909c858a948371ed7791ff0c0629e5e4c7d60f97900b1fc27485103a,amadey,12,61,0,3
7095952df050e7b9744fd672e0a3bd68fb3f4327a856972603e545de2649a494,amadey,1,1,0,0
7095952df050e7b9744fd672e0a3bd68fb3f4327a856972603e545de2649a494,amadey,11,22,11,25
7095952df050e7b9744fd672e0a3bd68fb3f4327a856972603e545de2649a494,amadey,12,360,0,25
7095952df050e7b9744fd672e0a3bd68fb3f4327a856972603e545de2649a494,amadey,13,1,0,25
7095952df050e7b9744fd672e0a3bd68fb3f4327a856972603e545de2649a494,amadey,23,14,14,25
ec137c56ce1fbf300d20e4da977f3df9d82ab43a1479afec5ab0ec5997823ad6,amadey,1,1,0,0
ec137c56ce1fbf300d20e4da977f3df9d82ab43a1479afec5ab0ec5997823ad6,amadey,11,82,44,56
ec137c56ce1fbf300d20e4da977f3df9d82ab43a1479afec5ab0ec5997823ad6,amadey,12,733,0,56
ec137c56ce1fbf300d20e4da977f3df9d82ab43a1479afec5ab0ec5997823ad6,amadey,13,13,0,56
ec137c56ce1fbf300d20e4da977f3df9d82ab43a1479afec5ab0ec5997823ad6,amadey,23,12,12,56
973c875729ccab5d3b082d708b110a460dba4a519e065e5e2292bdf399bb251a,amadey,1,1,0,0
973c875729ccab5d3b082d708b110a460dba4a519e065e5e2292bdf399bb251a,amadey,11,16,8,21
973c875729ccab5d3b082d708b110a460dba4a519e065e5e2292bdf399bb251a,amadey,12,55,0,21
973c875729ccab5d3b082d708b110a460dba4a519e065e5e2292bdf399bb251a,amadey,13,1,0,21
973c875729ccab5d3b082d708b110a460dba4a519e065e5e2292bdf399bb251a,amadey,23,13,13,21
af3abce52d153228bfc6b631d43f74c0c0446e04f68163b85811ddd49ad349eb,amadey,1,1,0,0
af3abce52d153228bfc6b631d43f74c0c0446e04f68163b85811ddd49ad349eb,amadey,11,16,8,20
af3abce52d153228bfc6b631d43f74c0c0446e04f68163b85811ddd49ad349eb,amadey,12,203,0,20
af3abce52d153228bfc6b631d43f74c0c0446e04f68163b85811ddd49ad349eb,amadey,13,1,0,20
af3abce52d153228bfc6b631d43f74c0c0446e04f68163b85811ddd49ad349eb,amadey,23,12,12,20
7732b3137a721cb543261e9c4ecb5c90b51aa6d810c2df0104df6b11e319dbd8,amadey,1,1,0,0
7732b3137a721cb543261e9c4ecb5c90b51aa6d810c2df0104df6b11e319dbd8,amadey,11,16,8,36
7732b3137a721cb543261e9c4ecb5c90b51aa6d810c2df0104df6b11e319dbd8,amadey,12,55,0,36
7732b3137a721cb543261e9c4ecb5c90b51aa6d810c2df0104df6b11e319dbd8,amadey,13,1,0,36
7732b3137a721cb543261e9c4ecb5c90b51aa6d810c2df0104df6b11e319dbd8,amadey,23,28,28,36
44ab913e6708ebdb117d4d0608fd14c7a3b5280db5425b0f4e4d3bdad8654f55,amadey,1,1,0,0
44ab913e6708ebdb117d4d0608fd14c7a3b5280db5425b0f4e4d3bdad8654f55,amadey,11,16,8,24
44ab913e6708ebdb117d4d0608fd14c7a3b5280db5425b0f4e4d3bdad8654f55,amadey,12,55,0,24
44ab913e6708ebdb117d4d0608fd14c7a3b5280db5425b0f4e4d3bdad8654f55,amadey,13,1,0,24
44ab913e6708ebdb117d4d0608fd14c7a3b5280db5425b0f4e4d3bdad8654f55,amadey,23,16,16,24
faa2daf2db5f5ba0927b64b5313347194e3ba0cf6dbb25ec408f4f5ab3a2d481,amadey,1,1,0,0
faa2daf2db5f5ba0927b64b5313347194e3ba0cf6dbb25ec408f4f5ab3a2d481,amadey,11,46,25,37
faa2daf2db5f5ba0927b64b5313347194e3ba0cf6dbb25ec408f4f5ab3a2d481,amadey,12,695,0,37
faa2daf2db5f5ba0927b64b5313347194e3ba0cf6dbb25ec408f4f5ab3a2d481,amadey,13,29,0,37
faa2daf2db5f5ba0927b64b5313347194e3ba0cf6dbb25ec408f4f5ab3a2d481,amadey,23,12,12,37
1984500308101a791019acb978621a31530f8564f4afcfbe43fa22cb68dfd117,amadey,1,1,0,0
1984500308101a791019acb978621a31530f8564f4afcfbe43fa22cb68dfd117,amadey,11,42,19,33
1984500308101a791019acb978621a31530f8564f4afcfbe43fa22cb68dfd117,amadey,12,455,0,33
1984500308101a791019acb978621a31530f8564f4afcfbe43fa22cb68dfd117,amadey,13,1,0,33
1984500308101a791019acb978621a31530f8564f4afcfbe43fa22cb68dfd117,amadey,23,14,14,33
ee4c5daa2e1992d339be9e9a69726641952127dfc0c4a74b695e720fd8f2c548,amadey,1,1,0,0
ee4c5daa2e1992d339be9e9a69726641952127dfc0c4a74b695e720fd8f2c548,amadey,11,16,8,22
ee4c5daa2e1992d339be9e9a69726641952127dfc0c4a74b695e720fd8f2c548,amadey,12,336,0,22
ee4c5daa2e1992d339be9e9a69726641952127dfc0c4a74b695e720fd8f2c548,amadey,13,1,0,22
ee4c5daa2e1992d339be9e9a69726641952127dfc0c4a74b695e720fd8f2c548,amadey,23,14,14,22
babe2bac544203762a76125e6b592106f506b056d4d23f1b565156419c12e0ec,amadey,1,1,0,0
babe2bac544203762a76125e6b592106f506b056d4d23f1b565156419c12e0ec,amadey,11,75,41,53
babe2bac544203762a76125e6b592106f506b056d4d23f1b565156419c12e0ec,amadey,12,848,0,53
babe2bac544203762a76125e6b592106f506b056d4d23f1b565156419c12e0ec,amadey,13,5,0,53
babe2bac544203762a76125e6b592106f506b056d4d23f1b565156419c12e0ec,amadey,23,12,12,53
1db05a6f525d57e95a6febe10c1afb560afde09e092b42a42d67dec8dac3cdbe,berbew,1,1,0,0
1db05a6f525d57e95a6febe10c1afb560afde09e092b42a42d67dec8dac3cdbe,berbew,11,6,1,1
1db05a6f525d57e95a6febe10c1afb560afde09e092b42a42d67dec8dac3cdbe,berbew,12,40,0,1
1db05a6f525d57e95a6febe10c1afb560afde09e092b42a42d67dec8dac3cdbe,berbew,13,3,0,1
ac66fb6b4319ec1033c63ffb6e27676f939ac615ba29b094949f5df8a492f4be,berbew,1,1,0,0
ac66fb6b4319ec1033c63ffb6e27676f939ac615ba29b094949f5df8a492f4be,berbew,11,6,1,1
ac66fb6b4319ec1033c63ffb6e27676f939ac615ba29b094949f5df8a492f4be,berbew,12,40,0,1
ac66fb6b4319ec1033c63ffb6e27676f939ac615ba29b094949f5df8a492f4be,berbew,13,3,0,1
a845654b1ea084e5844789b964f145e0ef9c0e7cf24cd831691b03bb1666261a,berbew,1,1,0,0
a845654b1ea084e5844789b964f145e0ef9c0e7cf24cd831691b03bb1666261a,berbew,11,6,1,1
a845654b1ea084e5844789b964f145e0ef9c0e7cf24cd831691b03bb1666261a,berbew,12,40,0,1
a845654b1ea084e5844789b964f145e0ef9c0e7cf24cd831691b03bb1666261a,berbew,13,3,0,1
ac24f8ec2c88437a288f000db635cd612f18a0972c5415958f1c1fbb80018c8e,berbew,1,1,0,0
ac24f8ec2c88437a288f000db635cd612f18a0972c5415958f1c1fbb80018c8e,berbew,11,6,1,1
ac24f8ec2c88437a288f000db635cd612f18a0972c5415958f1c1fbb80018c8e,berbew,12,40,0,1
ac24f8ec2c88437a288f000db635cd612f18a0972c5415958f1c1fbb80018c8e,berbew,13,3,0,1
1771e9da2d4ca305d494ed19eee91d7c996eacf77804081fc495a554c27295c6,berbew,1,1,0,0
1771e9da2d4ca305d494ed19eee91d7c996eacf77804081fc495a554c27295c6,berbew,11,6,1,1
1771e9da2d4ca305d494ed19eee91d7c996eacf77804081fc495a554c27295c6,berbew,12,40,0,1
1771e9da2d4ca305d494ed19eee91d7c996eacf77804081fc495a554c27295c6,berbew,13,3,0,1
b0905ce30d775ea36e56600a5dfede32727716f7f60f0e30d1e41d23d2c50413,berbew,1,1,0,0
b0905ce30d775ea36e56600a5dfede32727716f7f60f0e30d1e41d23d2c50413,berbew,11,6,1,1
b0905ce30d775ea36e56600a5dfede32727716f7f60f0e30d1e41d23d2c50413,berbew,12,40,0,1
b0905ce30d775ea36e56600a5dfede32727716f7f60f0e30d1e41d23d2c50413,berbew,13,3,0,1
0e3b2cd19e68c440e1a9d6251f85331e174491e5b1f22d46c5e7bf9aa9a9901a,berbew,1,1,0,0
0e3b2cd19e68c440e1a9d6251f85331e174491e5b1f22d46c5e7bf9aa9a9901a,berbew,11,6,1,1
0e3b2cd19e68c440e1a9d6251f85331e174491e5b1f22d46c5e7bf9aa9a9901a,berbew,12,40,0,1
0e3b2cd19e68c440e1a9d6251f85331e174491e5b1f22d46c5e7bf9aa9a9901a,berbew,13,3,0,1
501c8445e6c94bf1f08225117a788729db2c5c589a226759c38fc85bab739d5e,berbew,1,1,0,0
501c8445e6c94bf1f08225117a788729db2c5c589a226759c38fc85bab739d5e,berbew,11,6,1,1
501c8445e6c94bf1f08225117a788729db2c5c589a226759c38fc85bab739d5e,berbew,12,40,0,1
501c8445e6c94bf1f08225117a788729db2c5c589a226759c38fc85bab739d5e,berbew,13,3,0,1
61f786db1048e1308e88849c3d35c969b05b30c067a76844f7b6da1f3143c373,berbew,1,1,0,0
61f786db1048e1308e88849c3d35c969b05b30c067a76844f7b6da1f3143c373,berbew,11,6,1,1
61f786db1048e1308e88849c3d35c969b05b30c067a76844f7b6da1f3143c373,berbew,12,40,0,1
61f786db1048e1308e88849c3d35c969b05b30c067a76844f7b6da1f3143c373,berbew,13,3,0,1
7eb7dce331e5739a87a4b6676c4d9d9f909350856c0b96a7e7d79ec3a63bb19c,berbew,1,1,0,0
7eb7dce331e5739a87a4b6676c4d9d9f909350856c0b96a7e7d79ec3a63bb19c,berbew,11,7,2,2
7eb7dce331e5739a87a4b6676c4d9d9f909350856c0b96a7e7d79ec3a63bb19c,berbew,12,40,0,2
7eb7dce331e5739a87a4b6676c4d9d9f909350856c0b96a7e7d79ec3a63bb19c,berbew,13,3,0,2
d543feebe566d610090e949d9be2c2a0a976713c5f1a3baf8ebce3424cc0e7eb,berbew,1,1,0,0
d543feebe566d610090e949d9be2c2a0a976713c5f1a3baf8ebce3424cc0e7eb,berbew,11,6,1,1
d543feebe566d610090e949d9be2c2a0a976713c5f1a3baf8ebce3424cc0e7eb,berbew,12,40,0,1
d543feebe566d610090e949d9be2c2a0a976713c5f1a3baf8ebce3424cc0e7eb,berbew,13,3,0,1
75f5d526210688ec3b5bdfd14ff472998de28aaa6e5986e9aa2cadfff421f0cc,berbew,1,1,0,0
75f5d526210688ec3b5bdfd14ff472998de28aaa6e5986e9aa2cadfff421f0cc,berbew,11,6,1,1
75f5d526210688ec3b5bdfd14ff472998de28aaa6e5986e9aa2cadfff421f0cc,berbew,12,40,0,1
75f5d526210688ec3b5bdfd14ff472998de28aaa6e5986e9aa2cadfff421f0cc,berbew,13,3,0,1
9e22f70a594fd99e327c16d143c71b9788a28175c0d2fae5ce9ddba535d6e9b9,berbew,1,1,0,0
9e22f70a594fd99e327c16d143c71b9788a28175c0d2fae5ce9ddba535d6e9b9,berbew,11,7,2,2
9e22f70a594fd99e327c16d143c71b9788a28175c0d2fae5ce9ddba535d6e9b9,berbew,12,40,0,2
9e22f70a594fd99e327c16d143c71b9788a28175c0d2fae5ce9ddba535d6e9b9,berbew,13,3,0,2
253cebb95c3fc102c9d2eb518bbae39c2226ea9a738778d292e9f590e4f2da29,berbew,1,1,0,0
253cebb95c3fc102c9d2eb518bbae39c2226ea9a738778d292e9f590e4f2da29,berbew,11,6,1,1
253cebb95c3fc102c9d2eb518bbae39c2226ea9a738778d292e9f590e4f2da29,berbew,12,40,0,1
253cebb95c3fc102c9d2eb518bbae39c2226ea9a738778d292e9f590e4f2da29,berbew,13,3,0,1
7b94abe0081c00861191367444711223f44aa49697a4ab60c51e9fad3b2d7e8e,berbew,1,1,0,0
7b94abe0081c00861191367444711223f44aa49697a4ab60c51e9fad3b2d7e8e,berbew,11,6,1,1
7b94abe0081c00861191367444711223f44aa49697a4ab60c51e9fad3b2d7e8e,berbew,12,40,0,1
7b94abe0081c00861191367444711223f44aa49697a4ab60c51e9fad3b2d7e8e,berbew,13,3,0,1
96a04244c0dc4d51570d30dca5735a483e452490bdef1537909eaecfd9df8bad,berbew,1,1,0,0
96a04244c0dc4d51570d30dca5735a483e452490bdef1537909eaecfd9df8bad,berbew,11,7,2,2
96a04244c0dc4d51570d30dca5735a483e452490bdef1537909eaecfd9df8bad,berbew,12,40,0,2
96a04244c0dc4d51570d30dca5735a483e452490bdef1537909eaecfd9df8bad,berbew,13,3,0,2
5c5c7c240e27d57c27ebdc59a52921ea4fa2d04e7cf50ace559497a3322d4995,berbew,1,1,0,0
5c5c7c240e27d57c27ebdc59a52921ea4fa2d04e7cf50ace559497a3322d4995,berbew,11,6,1,1
5c5c7c240e27d57c27ebdc59a52921ea4fa2d04e7cf50ace559497a3322d4995,berbew,12,40,0,1
5c5c7c240e27d57c27ebdc59a52921ea4fa2d04e7cf50ace559497a3322d4995,berbew,13,3,0,1
d839fa66310d468d1aa039a5f526461b3269b2933af5d8e347713b88b65d2eab,berbew,1,1,0,0
d839fa66310d468d1aa039a5f526461b3269b2933af5d8e347713b88b65d2eab,berbew,11,6,1,1
d839fa66310d468d1aa039a5f526461b3269b2933af5d8e347713b88b65d2eab,berbew,12,40,0,1
d839fa66310d468d1aa039a5f526461b3269b2933af5d8e347713b88b65d2eab,berbew,13,3,0,1
d2e5f2005e827ea3f7a20fff918f4ee49f3a4fa750b8c8e44970d4be93f3c1b9,berbew,1,1,0,0
d2e5f2005e827ea3f7a20fff918f4ee49f3a4fa750b8c8e44970d4be93f3c1b9,berbew,11,6,1,1
d2e5f2005e827ea3f7a20fff918f4ee49f3a4fa750b8c8e44970d4be93f3c1b9,berbew,12,40,0,1
d2e5f2005e827ea3f7a20fff918f4ee49f3a4fa750b8c8e44970d4be93f3c1b9,berbew,13,3,0,1
0e0534344356c1ae249483171aece8eeb7777ca2c323e6b220701550a9731114,berbew,1,1,0,0
0e0534344356c1ae249483171aece8eeb7777ca2c323e6b220701550a9731114,berbew,11,6,1,1
0e0534344356c1ae249483171aece8eeb7777ca2c323e6b220701550a9731114,berbew,12,40,0,1
0e0534344356c1ae249483171aece8eeb7777ca2c323e6b220701550a9731114,berbew,13,3,0,1
00572c76c29eb5c5bb329f1793ee806d2418a48013ed111f3e129df6514b4768,dacic,1,1,0,0
00572c76c29eb5c5bb329f1793ee806d2418a48013ed111f3e129df6514b4768,dacic,11,28,15,15
00572c76c29eb5c5bb329f1793ee806d2418a48013ed111f3e129df6514b4768,dacic,12,148,0,15
09c8dc4d5e6b4db57ad2b51e06371b4602a2c111ad246d306597e62626774d9b,dacic,1,1,0,0
09c8dc4d5e6b4db57ad2b51e06371b4602a2c111ad246d306597e62626774d9b,dacic,11,30,17,17
09c8dc4d5e6b4db57ad2b51e06371b4602a2c111ad246d306597e62626774d9b,dacic,12,148,0,17
0a78372be2b5ab85e1d96724f0efdb2bd32068f706cbfc24e9686e3e5eb153d7,dacic,1,1,0,0
0a78372be2b5ab85e1d96724f0efdb2bd32068f706cbfc24e9686e3e5eb153d7,dacic,11,29,16,16
0a78372be2b5ab85e1d96724f0efdb2bd32068f706cbfc24e9686e3e5eb153d7,dacic,12,132,0,16
0b8b5b72d071272dbb0dcdbcc700cb18d2329bb068235f62966f091cfca9cf5e,dacic,1,1,0,0
0b8b5b72d071272dbb0dcdbcc700cb18d2329bb068235f62966f091cfca9cf5e,dacic,11,29,16,16
0b8b5b72d071272dbb0dcdbcc700cb18d2329bb068235f62966f091cfca9cf5e,dacic,12,132,0,16
0b9e0e83acee7ab498b242a8dce58735b02700ab373be071703a45c6316ee373,dacic,1,1,0,0
0b9e0e83acee7ab498b242a8dce58735b02700ab373be071703a45c6316ee373,dacic,11,28,15,15
0b9e0e83acee7ab498b242a8dce58735b02700ab373be071703a45c6316ee373,dacic,12,132,0,15
0bce4456cd90916a93216ae49792af6fc2f0600ee1d80575b5c173c78c44efef,dacic,1,1,0,0
0bce4456cd90916a93216ae49792af6fc2f0600ee1d80575b5c173c78c44efef,dacic,11,29,15,15
0bce4456cd90916a93216ae49792af6fc2f0600ee1d80575b5c173c78c44efef,dacic,12,148,0,15
0c3fce62334aedd09a19b36f3b63a4cca505771f8aec9d8cadfc7c03951c379f,dacic,1,1,0,0
0c3fce62334aedd09a19b36f3b63a4cca505771f8aec9d8cadfc7c03951c379f,dacic,11,28,15,15
0c3fce62334aedd09a19b36f3b63a4cca505771f8aec9d8cadfc7c03951c379f,dacic,12,132,0,15
0d945616110f54065b95a62dbac52fb40fff8ee26551823bd13bb7b0ea92d1a6,dacic,1,1,0,0
0d945616110f54065b95a62dbac52fb40fff8ee26551823bd13bb7b0ea92d1a6,dacic,11,27,14,14
0d945616110f54065b95a62dbac52fb40fff8ee26551823bd13bb7b0ea92d1a6,dacic,12,132,0,14
0e00e8157db7cc8931cf06576c7f3b8b6996d6354db317700743afdf2f8614f2,dacic,1,1,0,0
0e00e8157db7cc8931cf06576c7f3b8b6996d6354db317700743afdf2f8614f2,dacic,11,28,15,15
0e00e8157db7cc8931cf06576c7f3b8b6996d6354db317700743afdf2f8614f2,dacic,12,148,0,15
11e57bae7aec9f5a36591bec5dc807a40a894f87440374a8fbe932aa89e76672,dacic,1,1,0,0
11e57bae7aec9f5a36591bec5dc807a40a894f87440374a8fbe932aa89e76672,dacic,11,30,17,17
11e57bae7aec9f5a36591bec5dc807a40a894f87440374a8fbe932aa89e76672,dacic,12,150,0,17
17d776972be1a94d16d6077b9c6e6510a3c79b864406646eddce9024b401734a,dacic,1,1,0,0
17d776972be1a94d16d6077b9c6e6510a3c79b864406646eddce9024b401734a,dacic,11,28,15,15
17d776972be1a94d16d6077b9c6e6510a3c79b864406646eddce9024b401734a,dacic,12,132,0,15
1938464d49f08ecafb8a440c9258efa43b76fd3fe5e861e30286e4b656a1954c,dacic,1,1,0,0
1938464d49f08ecafb8a440c9258efa43b76fd3fe5e861e30286e4b656a1954c,dacic,11,15,7,21
1938464d49f08ecafb8a440c9258efa43b76fd3fe5e861e30286e4b656a1954c,dacic,12,45,0,21
1938464d49f08ecafb8a440c9258efa43b76fd3fe5e861e30286e4b656a1954c,dacic,13,1,0,21
1938464d49f08ecafb8a440c9258efa43b76fd3fe5e861e30286e4b656a1954c,dacic,23,14,14,21
1aaccb0fb9bdb09c7ed85ff7c64e97d3687221fd3c5b7e94818ebfefd648c372,dacic,1,1,0,0
1aaccb0fb9bdb09c7ed85ff7c64e97d3687221fd3c5b7e94818ebfefd648c372,dacic,11,29,16,16
1aaccb0fb9bdb09c7ed85ff7c64e97d3687221fd3c5b7e94818ebfefd648c372,dacic,12,148,0,16
2296a099200f95622eb1e72db3ebfa702696d213313b1ffd6361451352b9fed2,dacic,1,1,0,0
2296a099200f95622eb1e72db3ebfa702696d213313b1ffd6361451352b9fed2,dacic,11,29,16,16
2296a099200f95622eb1e72db3ebfa702696d213313b1ffd6361451352b9fed2,dacic,12,148,0,16
247bcc205dd8529410b60fa825ff029deacf25bf9f93f55a131bdda470dbd4e3,dacic,1,1,0,0
247bcc205dd8529410b60fa825ff029deacf25bf9f93f55a131bdda470dbd4e3,dacic,11,30,16,16
247bcc205dd8529410b60fa825ff029deacf25bf9f93f55a131bdda470dbd4e3,dacic,12,148,0,16
26dc0b5d0a036bc6a13e4051f3d9f0a4dd396a12d5219efbbc239ee397470582,dacic,1,1,0,0
26dc0b5d0a036bc6a13e4051f3d9f0a4dd396a12d5219efbbc239ee397470582,dacic,11,26,13,13
26dc0b5d0a036bc6a13e4051f3d9f0a4dd396a12d5219efbbc239ee397470582,dacic,12,148,0,13
26ef7d8514bc10aa679a5990102d26ead172eace34db9c8d0c743745a5aa07e1,dacic,1,1,0,0
26ef7d8514bc10aa679a5990102d26ead172eace34db9c8d0c743745a5aa07e1,dacic,11,28,15,17
26ef7d8514bc10aa679a5990102d26ead172eace34db9c8d0c743745a5aa07e1,dacic,12,148,0,17
26ef7d8514bc10aa679a5990102d26ead172eace34db9c8d0c743745a5aa07e1,dacic,23,2,2,17
28bd947b72e6d87ff49f9fb5498e907a33d8db92ca50c07ae2f90b1480f9427d,dacic,1,1,0,0
28bd947b72e6d87ff49f9fb5498e907a33d8db92ca50c07ae2f90b1480f9427d,dacic,11,27,14,14
28bd947b72e6d87ff49f9fb5498e907a33d8db92ca50c07ae2f90b1480f9427d,dacic,12,132,0,14
2a1dcd9269c03dc2b0c71d2383decdf8f3cfb7ad82ca0b8745e1c7e01322f60d,dacic,1,1,0,0
2a1dcd9269c03dc2b0c71d2383decdf8f3cfb7ad82ca0b8745e1c7e01322f60d,dacic,11,29,16,16
2a1dcd9269c03dc2b0c71d2383decdf8f3cfb7ad82ca0b8745e1c7e01322f60d,dacic,12,147,0,16
d975b68c91c59dddb7b6777f6f2f78300ddd9be5c51f483994ea26106839a017,agenttesla,1,1,0,0
d975b68c91c59dddb7b6777f6f2f78300ddd9be5c51f483994ea26106839a017,agenttesla,11,69,38,38
d975b68c91c59dddb7b6777f6f2f78300ddd9be5c51f483994ea26106839a017,agenttesla,12,786,0,38
25bee31eda4859c5264cc757168bf142c4ca6fbda261a674f1b787f3d8dfa9ac,dacic,1,1,0,0
25bee31eda4859c5264cc757168bf142c4ca6fbda261a674f1b787f3d8dfa9ac,dacic,11,74,39,39
25bee31eda4859c5264cc757168bf142c4ca6fbda261a674f1b787f3d8dfa9ac,dacic,12,786,0,39
