family,stem,reg_via_transforms,reg_via_regex,file_via_transforms,file_no_match
redline,21660b1afc287fa8ec9a0fb43ed3b1722dfd205018996e7ccecb254f665f8aae,0,38,20,8
redline,0d28e85e7e0ececbee2eef6565476ea9438a47b0d47766ae0497c137b821d787,0,46,40,8
redline,88739c7706fab480d0a3aaa62fe1518b7d6c40df7dd24ea00bed06cf263e5bd7,0,46,29,8
redline,d8b5a3960f5aef160acf99aa6e004c428bc67265c7e559b2955d81b050f367c5,0,46,59,8
redline,8bfbeb1d5af206f22e7cebfbf339c77962c1c48535035b27ad1e5fc1062489aa,0,38,26,8
redline,1551371a8c26e90e3ce229fd4f68351373e6bafcd7cfbe51e4892605bda772d0,0,12,8,15
redline,e42ad0e70feca06dc6ef1b8f01c86c3e9d594a879af18ee6519b90092b240412,0,46,59,8
redline,af1f2b1886a7d3cbec3258cc7d409cfdfa12dc98f342b40bb292dd2db423be71,0,38,22,8
redline,747ecb7296b0de86e990ff1e83fecc85079e078cf214c778bd2a30be60edfd8e,0,0,10,17
redline,cf4fa9c480473d3419eb68f584d29de06dab99400ecfd2557100617ab7490c1d,0,46,32,8
redline,06a0d2d406cbec6caafff9c6535f9753f5619ad636bc2af06d8b8a55c63e10df,0,38,17,8
redline,f0caa5f0ebfec42a5dfcb413e807494783cba4ef35bc8497ba8aae25cc3dedcc,0,46,59,8
redline,9b4109bdca72c95b887b10d90e4162e50786fe38856f0133f2fddad35c15bcf5,0,46,32,8
redline,4d5dcb125af799aff872379946f3a7e2a2385fee1742229be66af19eeacee6c2,0,46,32,8
redline,8595a17bb8d9bd23576c0835dea9c1bb30d9db94a89f0c7c7927a7f98998c123,0,46,40,8
redline,cf3230c67aeff72f9430821fac171222d1228921c6b07116d8fc14a976fd7d55,0,46,28,8
redline,559aada01f84fe0dc8011fdb8325246ae1468b7286c4bcab518d95f5236a18dc,0,46,31,8
redline,d4727dba9a619e5039e2f3af4625f32335c28b309881359e6fe61af9c1240809,0,46,32,8
redline,da8fcde10abb4d4a5fcf819e839811667795a72a48b07dad24d68f92eca2991e,0,46,28,8
redline,1c4d996df3ed84f4460ed56e65670bdd09d1d4c4daaf3a03ab7336e63a649534,0,38,30,8
agenttesla,3bcc7e2a22fd283ad188e24bd4dd4cc6180f2fc907de59cc3c952b89507bfed0,0,678,43,34
agenttesla,b483fa2b04ee2305e50ec070450c43c4feef6d98a30f01aa1f003f11ffad2aa4,0,670,180,43
agenttesla,a01885eaecb0c9f8f63f0cd8d935e374f339c0e42f392885ab765f2b78977a2b,0,3087,70,42
agenttesla,34bfed7f2450542d851b696685ed0a43438683a54f1756a947119d7258a4adb1,0,428,172,31
agenttesla,14a69b15aa430be2251215742e97972393b529833bdf771c0a4ca67b63bd999a,0,3064,73,48
agenttesla,e77034ca0f5612915367f7d97ba20d7452594622ce20078eee74df276173ef47,0,2051,206,41
agenttesla,97289b7b81716c422ed44dc42d80db0ba56989bff3a879d31a28b935686475bf,0,654,179,43
agenttesla,4b9f0cd6e0662d7ae5100f518f3d82a1d0ead105247e12bd375c21680c59198c,0,946,41,29
agenttesla,38a9f881eb28d8f75c2c21a9cb4de15e472866346c747c480e8e6ec485982067,0,419,171,33
agenttesla,e33e4865fd5388cb8d3b67d1919d3ec2ee596463012327798fed93a2a282e4bb,0,655,179,43
agenttesla,a2e1d3ac58e834c9a692b6d4637a1663e54fcef7c876ba31401ba1aa76d0df22,0,3054,74,48
agenttesla,65ad076012248dc504abe8812d6b4d2128a0aa7c3de0857a0c836e6e33497347,0,673,37,32
agenttesla,f15efc199baae5de89401024d42aa136fe03c1cfbea1c8eba689a5e832d83289,0,669,172,31
agenttesla,693c258cb5620f7e8714d4afc7215e2c7dc16872265148341db23b639906eecb,0,677,36,32
agenttesla,5c9e41c57fc02e8a6832d92888f838a455e75ce93c833f2b730376a11f0040e9,0,925,38,28
agenttesla,104ef2e1223676a6d315da9de43b53286de58d5a390cb6d8c0ef391e7ee23a86,0,664,183,46
agenttesla,ce683b26018a84f023bcb4b52378b88f5fea654c50a42aa136ef47b67898fb40,0,989,52,67
agenttesla,6d6a1f154c6ae1d70ede87fb06b8588807f50b33315fe4dbfbef9126b18f3bc2,0,446,44,36
agenttesla,85b3c9f10a8f1e3aee3d393260f82c7dcf8d23dcd899117f0394f6a9f0fdc7fd,0,655,180,43
amadey,18fd6b193be1d5416a3188f5d9e4047cca719fa067d7d0169cf2df5c7fed54c0,0,312,178,27
amadey,6db69d1dbd4dbe1108a05955d03052864c7acf3165d0ddbfad7e4156c37a0bd8,0,46,36,8
amadey,6932aa2b259a43e44dd5ba561ff61db50480ae95aa6fbab7d875e411fd74befc,0,1641,65,42
amadey,30c8c226fbe1ec0bda70541cd36c632e937182e0a55b639c4f26d2340868f481,0,511,32,24
amadey,e108ff127816c7473b4288f40bd13567a985e223950fa93d9ab0d43aeb8ec658,0,533,60,38
amadey,4e4eed16b3a6b4c9f1168745b8268765a9b7a0b5c557cc7e2975c24940eed32d,0,46,33,8
amadey,074dfa8168d74a7af03ded4012ec5fb0d12a03280903bd5c7fde7f842172670e,0,177,20,8
amadey,c2dde09d415c9a9cee697b38102054fcf775c3e2880ba4593929311da994dd11,0,861,56,38
amadey,c82d2fce74ea779ecf9d29ba5e371111917a7724b72a321406755a97434b6b9b,0,731,36,26
amadey,767b03b1909c858a948371ed7791ff0c0629e5e4c7d60f97900b1fc27485103a,0,49,3,9
amadey,7095952df050e7b9744fd672e0a3bd68fb3f4327a856972603e545de2649a494,0,305,25,11
amadey,ec137c56ce1fbf300d20e4da977f3df9d82ab43a1479afec5ab0ec5997823ad6,0,646,56,38
amadey,973c875729ccab5d3b082d708b110a460dba4a519e065e5e2292bdf399bb251a,0,46,21,8
amadey,af3abce52d153228bfc6b631d43f74c0c0446e04f68163b85811ddd49ad349eb,0,170,20,8
amadey,7732b3137a721cb543261e9c4ecb5c90b51aa6d810c2df0104df6b11e319dbd8,0,46,36,8
amadey,44ab913e6708ebdb117d4d0608fd14c7a3b5280db5425b0f4e4d3bdad8654f55,0,46,24,8
amadey,faa2daf2db5f5ba0927b64b5313347194e3ba0cf6dbb25ec408f4f5ab3a2d481,0,634,36,21
amadey,1984500308101a791019acb978621a31530f8564f4afcfbe43fa22cb68dfd117,0,394,33,23
amadey,ee4c5daa2e1992d339be9e9a69726641952127dfc0c4a74b695e720fd8f2c548,0,285,22,8
amadey,babe2bac544203762a76125e6b592106f506b056d4d23f1b565156419c12e0ec,0,739,53,34
berbew,1db05a6f525d57e95a6febe10c1afb560afde09e092b42a42d67dec8dac3cdbe,0,35,1,5
berbew,ac66fb6b4319ec1033c63ffb6e27676f939ac615ba29b094949f5df8a492f4be,0,35,1,5
berbew,a845654b1ea084e5844789b964f145e0ef9c0e7cf24cd831691b03bb1666261a,0,35,1,5
berbew,ac24f8ec2c88437a288f000db635cd612f18a0972c5415958f1c1fbb80018c8e,0,35,1,5
berbew,1771e9da2d4ca305d494ed19eee91d7c996eacf77804081fc495a554c27295c6,0,35,1,5
berbew,b0905ce30d775ea36e56600a5dfede32727716f7f60f0e30d1e41d23d2c50413,0,35,1,5
berbew,0e3b2cd19e68c440e1a9d6251f85331e174491e5b1f22d46c5e7bf9aa9a9901a,0,35,1,5
berbew,501c8445e6c94bf1f08225117a788729db2c5c589a226759c38fc85bab739d5e,0,35,1,5
berbew,61f786db1048e1308e88849c3d35c969b05b30c067a76844f7b6da1f3143c373,0,35,1,5
berbew,7eb7dce331e5739a87a4b6676c4d9d9f909350856c0b96a7e7d79ec3a63bb19c,0,35,2,5
berbew,d543feebe566d610090e949d9be2c2a0a976713c5f1a3baf8ebce3424cc0e7eb,0,35,1,5
berbew,75f5d526210688ec3b5bdfd14ff472998de28aaa6e5986e9aa2cadfff421f0cc,0,35,1,5
berbew,9e22f70a594fd99e327c16d143c71b9788a28175c0d2fae5ce9ddba535d6e9b9,0,35,2,5
berbew,253cebb95c3fc102c9d2eb518bbae39c2226ea9a738778d292e9f590e4f2da29,0,35,1,5
berbew,7b94abe0081c00861191367444711223f44aa49697a4ab60c51e9fad3b2d7e8e,0,35,1,5
berbew,96a04244c0dc4d51570d30dca5735a483e452490bdef1537909eaecfd9df8bad,0,35,2,5
berbew,5c5c7c240e27d57c27ebdc59a52921ea4fa2d04e7cf50ace559497a3322d4995,0,35,1,5
berbew,d839fa66310d468d1aa039a5f526461b3269b2933af5d8e347713b88b65d2eab,0,35,1,5
berbew,d2e5f2005e827ea3f7a20fff918f4ee49f3a4fa750b8c8e44970d4be93f3c1b9,0,35,1,5
berbew,0e0534344356c1ae249483171aece8eeb7777ca2c323e6b220701550a9731114,0,35,1,5
dacic,00572c76c29eb5c5bb329f1793ee806d2418a48013ed111f3e129df6514b4768,0,122,15,13
dacic,09c8dc4d5e6b4db57ad2b51e06371b4602a2c111ad246d306597e62626774d9b,0,122,17,13
dacic,0a78372be2b5ab85e1d96724f0efdb2bd32068f706cbfc24e9686e3e5eb153d7,0,108,16,13
dacic,0b8b5b72d071272dbb0dcdbcc700cb18d2329bb068235f62966f091cfca9cf5e,0,108,16,13
dacic,0b9e0e83acee7ab498b242a8dce58735b02700ab373be071703a45c6316ee373,0,108,15,13
dacic,0bce4456cd90916a93216ae49792af6fc2f0600ee1d80575b5c173c78c44efef,0,122,15,14
dacic,0c3fce62334aedd09a19b36f3b63a4cca505771f8aec9d8cadfc7c03951c379f,0,108,15,13
dacic,0d945616110f54065b95a62dbac52fb40fff8ee26551823bd13bb7b0ea92d1a6,0,108,14,13
dacic,0e00e8157db7cc8931cf06576c7f3b8b6996d6354db317700743afdf2f8614f2,0,122,15,13
dacic,11e57bae7aec9f5a36591bec5dc807a40a894f87440374a8fbe932aa89e76672,0,124,17,13
dacic,17d776972be1a94d16d6077b9c6e6510a3c79b864406646eddce9024b401734a,0,108,15,13
dacic,1938464d49f08ecafb8a440c9258efa43b76fd3fe5e861e30286e4b656a1954c,0,38,21,8
dacic,1aaccb0fb9bdb09c7ed85ff7c64e97d3687221fd3c5b7e94818ebfefd648c372,0,122,16,13
dacic,2296a099200f95622eb1e72db3ebfa702696d213313b1ffd6361451352b9fed2,0,122,16,13
dacic,247bcc205dd8529410b60fa825ff029deacf25bf9f93f55a131bdda470dbd4e3,0,122,16,14
dacic,26dc0b5d0a036bc6a13e4051f3d9f0a4dd396a12d5219efbbc239ee397470582,0,122,13,13
dacic,26ef7d8514bc10aa679a5990102d26ead172eace34db9c8d0c743745a5aa07e1,0,122,17,13
dacic,28bd947b72e6d87ff49f9fb5498e907a33d8db92ca50c07ae2f90b1480f9427d,0,108,14,13
dacic,2a1dcd9269c03dc2b0c71d2383decdf8f3cfb7ad82ca0b8745e1c7e01322f60d,0,121,16,13
agenttesla,d975b68c91c59dddb7b6777f6f2f78300ddd9be5c51f483994ea26106839a017,0,684,38,31
dacic,25bee31eda4859c5264cc757168bf142c4ca6fbda261a674f1b787f3d8dfa9ac,0,684,39,35
